Workbook

Sheet MENÚ

Sheet BUSCA_PROD
A12: PRODUCTO: | B12: CABLE DE ENERGIA | E12: MODELO: | F12: =IFERROR(VLOOKUP($B$12,TODO_PROD!$A$13:$K$406,6,FALSE),"NO EXISTE") -> NO EXISTE
A14: CÓDIGO: | B14: =IFERROR(VLOOKUP($B$12,TODO_PROD!$A$13:$K$406,2,FALSE),"NO EXISTE") -> NO EXISTE | E14: SERIE: | F14: =IFERROR(VLOOKUP($B$12,TODO_PROD!$A$13:$K$406,7,FALSE),"NO EXISTE") -> NO EXISTE
A16: CANTIDAD: | B16: =IFERROR(VLOOKUP($B$12,TODO_PROD!$A$13:$K$406,3,FALSE),"NO EXISTE") -> NO EXISTE | E16: UBICACIÓN: | F16: =IFERROR(VLOOKUP($B$12,TODO_PROD!$A$13:$K$406,8,FALSE),"NO EXISTE") -> NO EXISTE
A18: COLOR: | B18: =IFERROR(VLOOKUP($B$12,TODO_PROD!$A$13:$K$406,4,FALSE),"NO EXISTE") -> NO EXISTE | E18: ESTADO: | F18: =IFERROR(VLOOKUP($B$12,TODO_PROD!$A$13:$K$406,9,FALSE),"NO EXISTE") -> NO EXISTE
A20: MARCA: | B20: =IFERROR(VLOOKUP($B$12,TODO_PROD!$A$13:$K$406,5,FALSE),"NO EXISTE") -> NO EXISTE | E20: COSTO: | F20: =IFERROR(VLOOKUP($B$12,TODO_PROD!$A$13:$K$406,11,FALSE),"NO EXISTE") -> NO EXISTE
E22: FECHA: | F22: =IFERROR(VLOOKUP($B$12,TODO_PROD!$A$13:$L$406,12,FALSE),"NO EXISTE") -> NO EXISTE
A24: CARACTERÍSTICAS
A25: =IFERROR(VLOOKUP($B$12,TODO_PROD!$A$13:$K$406,10,FALSE),"NO EXISTE") -> NO EXISTE

Sheet BUSCA_COD
A12: INGRESE CÓDIGO: | B12: RACKCUARTO D | E12: MODELO: | F12: =IFERROR(VLOOKUP($B$12,TODO_COD!$A$13:$K$458,6,FALSE),"NO EXISTE") -> NO EXISTE
A14: PRODUCTO: | B14: =IFERROR(VLOOKUP($B$12,TODO_COD!$A$13:$K$458,3,FALSE),"NO EXISTE") -> NO EXISTE | E14: SERIE: | F14: =IFERROR(VLOOKUP($B$12,TODO_COD!$A$13:$K$458,7,FALSE),"NO EXISTE") -> NO EXISTE
A16: CANTIDAD: | B16: =IFERROR(VLOOKUP($B$12,TODO_COD!$A$13:$K$458,2,FALSE),"NO EXISTE") -> NO EXISTE | E16: UBICACIÓN: | F16: =IFERROR(VLOOKUP($B$12,TODO_COD!$A$13:$K$458,8,FALSE),"NO EXISTE") -> NO EXISTE
A18: COLOR: | B18: =IFERROR(VLOOKUP($B$12,TODO_COD!$A$13:$K$458,4,FALSE),"NO EXISTE") -> NO EXISTE | E18: ESTADO: | F18: =IFERROR(VLOOKUP($B$12,TODO_COD!$A$13:$K$458,9,FALSE),"NO EXISTE") -> NO EXISTE
A20: MARCA: | B20: =IFERROR(VLOOKUP($B$12,TODO_COD!$A$13:$K$458,5,FALSE),"NO EXISTE") -> NO EXISTE | E20: COSTO: | F20: =IFERROR(VLOOKUP($B$12,TODO_COD!$A$13:$K$458,11,FALSE),"NO EXISTE") -> NO EXISTE
E22: FECHA: | F22: =IFERROR(VLOOKUP($B$12,TODO_COD!$A$13:$L$458,12,FALSE),"NO EXISTE") -> NO EXISTE
A24: CARACTERÍSTICAS
A25: =IFERROR(VLOOKUP($B$12,TODO_COD!$A$13:$K$458,10,FALSE),"NO EXISTE") -> NO EXISTE

Sheet EDITABLE
A12: CODIGO | B12: CANTIDAD | C12: PRODUCTO | D12: COLOR | E12: MARCA | F12: MODELO | G12: SERIE | H12: UBICACIÓN | I12: ESTADO | J12: CARACTERISTICAS | K12: COSTO | L12: FECHA
A13: =CONCATENATE(LEFT(C13,4),LEFT(H13,8)) -> CPUAULA-C1 | B13: 1 | C13: CPU | D13: NEGRO | E13: INS | F13: GENERICO | G13: 91225062019 | H13: AULA-C1 | I13: BUENO | J13: WINDOWS 8.1 ENTERPRISE, PROCESADOR: INTEL ® CORE TM i3-9100F CPU, 360 GHZ, RAM 4 GB, 64 BITS, INTERNET ALAMBRICO | K13: 250 | L13: 45288
A14: =CONCATENATE(LEFT(C14,4),LEFT(H14,8)) -> MONIAULA-C1 | B14: 1 | C14: MONITOR | D14: NEGRO | E14: LG | F14: 20MK400H-B | G14: 911NTHM1T121 | H14: AULA-C1 | I14: BUENO | J14: 19,5 PULGADAS, HDMI | K14: 60 | L14: 45288
A15: =CONCATENATE(LEFT(C15,4),LEFT(H15,8)) -> MOUSAULA-C1 | B15: 1 | C15: MOUSE | D15: NEGRO | E15: GENERICO | F15: 5V-100MA | G15: S/S | H15: AULA-C1 | I15: BUENO | J15: ALAMBRICO, LED | K15: 5 | L15: 45288
A16: =CONCATENATE(LEFT(C16,4),LEFT(H16,8)) -> TECLAULA-C1 | B16: 1 | C16: TECLADO | D16: NEGRO | E16: INS | F16: S/M | G16: S/S | H16: AULA-C1 | I16: BUENO | J16: ALAMBRICO, HERGONÓMICO, CONECTOR USB, CON TECLADO NUMÉRICO | K16: 16.7 | L16: 45288
A17: =CONCATENATE(LEFT(C17,4),LEFT(H17,8)) -> PROYAULA-C1 | B17: 1 | C17: PROYECTOR | D17: NEGRO | E17: EPSON | F17: POWER LITE S12+ | G17: PSPK3401963 | H17: AULA-C1 | I17: BUENO | J17: CON PEDESTAL, CABLE VGA DE 15 m. Y CABLE DE ENERGIA | K17: 400 | L17: 45288
A18: =CONCATENATE(LEFT(C18,4),LEFT(H18,8)) -> PARLAULA-C1 | B18: 1 | C18: PARLANTES | D18: NEGRO | E18: KLIP EXTREME | F18: KSS-710 | G18: 13-11580 | H18: AULA-C1 | I18: BUENO | J18: CON SOPORTE AEREO, CABLE DE SONIO DE 20 m. Y CABLE DE ENERGIA, 1 BAJO Y 2 TWITERS | K18: 103 | L18: 45288
A19: =CONCATENATE(LEFT(C19,4),LEFT(H19,8)) -> CAMAAULA-C1 | B19: 1 | C19: CAMARA VIDEO VIGILANCIA | D19: BLANCO | E19: HIKVISION | F19: S/M | G19: S/S | H19: AULA-C1 | I19: BUENO | J19: CONECTADA AL DVR Y VISION EN MOVIL Y CUARTO DE RED | K19: 25 | L19: 44841
A20: =CONCATENATE(LEFT(C20,4),LEFT(H20,8)) -> SENSAULA-C1 | B20: 1 | C20: SENSOR DE ALARMA | D20: BLANCO | E20: DSC | F20: LC-100PI | G20: 88030080 | H20: AULA-C1 | I20: BUENO | J20: CONECTADA AL SISTEMA DE ALARMAS | K20: 20 | L20: 44841
A21: =CONCATENATE(LEFT(C21,4),LEFT(H21,8))
A22: =CONCATENATE(LEFT(C22,4),LEFT(H22,8))
A23: =CONCATENATE(LEFT(C23,4),LEFT(H23,8))
A24: CODIGO | B24: CANTIDAD | C24: PRODUCTO | D24: COLOR | E24: MARCA | F24: MODELO | G24: SERIE | H24: UBICACIÓN | I24: ESTADO | J24: CARACTERISTICAS | K24: COSTO | L24: FECHA
A25: =CONCATENATE(LEFT(C25,4),LEFT(H25,8)) -> CPUAULA-C2 | B25: 1 | C25: CPU | D25: NEGRO | E25: INS | F25: GENERICO | G25: 91225062019 | H25: AULA-C2 | I25: BUENO | J25: WINDOWS 8.1 ENTERPRISE, PROCESADOR: INTEL ® CORE TM i3-9100F CPU, 360 GHZ, RAM 4 GB, 64 BITS, INTERNET ALAMBRICO | K25: 250 | L25: 45288
A26: =CONCATENATE(LEFT(C26,4),LEFT(H26,8)) -> MONIAULA-C2 | B26: 1 | C26: MONITOR | D26: NEGRO | E26: LG | F26: 20MK400H-B | G26: 911NTNH1S119 | H26: AULA-C2 | I26: BUENO | J26: 19,5 PULGADAS, HDMI | K26: 60 | L26: 45288
A27: =CONCATENATE(LEFT(C27,4),LEFT(H27,8)) -> MOUSAULA-C2 | B27: 1 | C27: MOUSE | D27: NEGRO | E27: GENIUS | F27: GM-04011P | G27: 124430707394 | H27: AULA-C2 | I27: BUENO | J27: ALAMBRICO, LED, DISEÑO ERGONÓMICO | K27: 6 | L27: 45288
A28: =CONCATENATE(LEFT(C28,4),LEFT(H28,8)) -> TECLAULA-C2 | B28: 1 | C28: TECLADO | D28: NEGRO | E28: INS | F28: S/M | G28: S/S | H28: AULA-C2 | I28: BUENO | J28: ALAMBRICO, HERGONÓMICO, CONECTOR USB, CON TECLADO NUMÉRICO | K28: 16.7 | L28: 45288
A29: =CONCATENATE(LEFT(C29,4),LEFT(H29,8)) -> PROYAULA-C2 | B29: 1 | C29: PROYECTOR | D29: NEGRO | E29: EPSON | F29: POWER LITE S12+ | G29: PSPK3401919 | H29: AULA-C2 | I29: BUENO | J29: CON PEDESTAL, CABLE VGA DE 15 m. Y CABLE DE ENERGIA | K29: 400 | L29: 45288
A30: =CONCATENATE(LEFT(C30,4),LEFT(H30,8)) -> PARLAULA-C2 | B30: 1 | C30: PARLANTES | D30: NEGRO | E30: KLIP EXTREME | F30: KSS-710 | G30: 13-1158005 | H30: AULA-C2 | I30: BUENO | J30: CON SOPORTE AEREO, CABLE DE SONIO DE 20 m. Y CABLE DE ENERGIA, 1 BAJO Y 2 TWITERS | K30: 103 | L30: 45288
A31: =CONCATENATE(LEFT(C31,4),LEFT(H31,8)) -> CAMAAULA-C2 | B31: 1 | C31: CAMARA VIDEO VIGILANCIA | D31: BLANCO | E31: HIKVISION | F31: S/M | G31: S/S | H31: AULA-C2 | I31: BUENO | J31: CONECTADA AL DVR Y VISION EN MOVIL Y CUARTO DE RED | K31: 25 | L31: 44841
A32: =CONCATENATE(LEFT(C32,4),LEFT(H32,8)) -> SENSAULA-C2 | B32: 1 | C32: SENSOR DE ALARMA | D32: BLANCO | E32: DSC | F32: LC-100PI | G32: 88030080 | H32: AULA-C2 | I32: BUENO | J32: CONECTADA AL SISTEMA DE ALARMAS | K32: 20 | L32: 44841
A33: =CONCATENATE(LEFT(C33,4),LEFT(H33,8)) -> SWITAULA-C2 | B33: 1 | C33: SWITCH DE INTERNET | D33: AZUL | E33: T-PLINK | F33: TN-SG108 | G33: 22361E5003891 | H33: AULA-C2 | I33: BUENO | J33: DE 5 PUERTOS RJ45, TIPO DE COMUNICACIÓN STORE AND FORWARD | K33: 22 | L33: 45288
A34: =CONCATENATE(LEFT(C34,4),LEFT(H34,8)) -> REGUAULA-C2 | B34: 1 | C34: REGULADOR DE VOLTAJE | D34: NEGRO | E34: INS | F34: AVR-INS2000VA | G34: 19C04206300 | H34: AULA-C2 | I34: BUENO | J34: DE 8 TOMAS, 120V-60HZ, 2 PUERTOS RJ11 PARA TELÉFONO | K34: 15 | L34: 45288
A35: =CONCATENATE(LEFT(C35,4),LEFT(H35,8))
A36: =CONCATENATE(LEFT(C36,4),LEFT(H36,8))
A37: =CONCATENATE(LEFT(C37,4),LEFT(H37,8))
A38: CODIGO | B38: CANTIDAD | C38: PRODUCTO | D38: COLOR | E38: MARCA | F38: MODELO | G38: SERIE | H38: UBICACIÓN | I38: ESTADO | J38: CARACTERISTICAS | K38: COSTO | L38: FECHA
A39: =CONCATENATE(LEFT(C39,4),LEFT(H39,8)) -> CPUAULA-C3 | B39: 1 | C39: CPU | D39: NEGRO | E39: DELUX | F39: S/M | G39: S/S | H39: AULA-C3 | I39: BUENO | J39: WINDOWS 8.1 ENTERPRISE, PROCESADOR: INTEL ® CORE TM i5-2310 CPU, 2.90 GHZ, RAM 4 GB, 64 BITS, INTERNET ALAMBRICO | K39: 250 | L39: 45288
A40: =CONCATENATE(LEFT(C40,4),LEFT(H40,8)) -> MONIAULA-C3 | B40: 1 | C40: MONITOR | D40: NEGRO | E40: HP | F40: HPLV1911 | G40: 6CM213011T | H40: AULA-C3 | I40: BUENO | J40: 19,5 PULGADAS | K40: 100 | L40: 45288
A41: =CONCATENATE(LEFT(C41,4),LEFT(H41,8)) -> MOUSAULA-C3 | B41: 1 | C41: MOUSE | D41: NEGRO, TRASPARENTE | E41: INS | F41: S/M | G41: S/S | H41: AULA-C3 | I41: BUENO | J41: ALAMBRICO, LED, OPTICO | K41: 5 | L41: 45288
A42: =CONCATENATE(LEFT(C42,4),LEFT(H42,8)) -> TECLAULA-C3 | B42: 1 | C42: TECLADO | D42: NEGRO | E42: GENERICO | F42: S/M | G42: S/S | H42: AULA-C3 | I42: BUENO | J42: ALAMBRICO, TECLADO ALFANUMÉRICO, TECLAS ESPECIALES, CONECCIÓN USB. | K42: 12 | L42: 45288
A43: =CONCATENATE(LEFT(C43,4),LEFT(H43,8)) -> PROYAULA-C3 | B43: 1 | C43: PROYECTOR | D43: NEGRO | E43: EPSON | F43: POWER LITE S12+ | G43: PSPK2308028 | H43: AULA-C3 | I43: BUENO | J43: CON PEDESTAL, CABLE VGA DE 15 m. Y CABLE DE ENERGIA | K43: 400 | L43: 45288
A44: =CONCATENATE(LEFT(C44,4),LEFT(H44,8)) -> PARLAULA-C3 | B44: 1 | C44: PARLANTES | D44: NEGRO | E44: KLIP EXTREME | F44: KSS-710 | G44: 13-11580 | H44: AULA-C3 | I44: BUENO | J44: CON SOPORTE AEREO, CABLE DE SONIO DE 20 m. Y CABLE DE ENERGIA, 1 BAJO Y 2 TWITERS | K44: 103 | L44: 45288
A45: =CONCATENATE(LEFT(C45,4),LEFT(H45,8)) -> CAMAAULA-C3 | B45: 1 | C45: CAMARA VIDEO VIGILANCIA | D45: BLANCO | E45: HIKVISION | F45: S/M | G45: S/S | H45: AULA-C3 | I45: BUENO | J45: CONECTADA AL DVR Y VISION EN MOVIL Y CUARTO DE RED | K45: 25 | L45: 44841
A46: =CONCATENATE(LEFT(C46,4),LEFT(H46,8)) -> SENSAULA-C3 | B46: 1 | C46: SENSOR DE ALARMA | D46: BLANCO | E46: DSC | F46: LC-100PI | G46: 88030080 | H46: AULA-C3 | I46: BUENO | J46: CONECTADA AL SISTEMA DE ALARMAS | K46: 20 | L46: 44841
A47: =CONCATENATE(LEFT(C47,4),LEFT(H47,8))
A48: =CONCATENATE(LEFT(C48,4),LEFT(H48,8))
A49: =CONCATENATE(LEFT(C49,4),LEFT(H49,8))
A50: CODIGO | B50: CANTIDAD | C50: PRODUCTO | D50: COLOR | E50: MARCA | F50: MODELO | G50: SERIE | H50: UBICACIÓN | I50: ESTADO | J50: CARACTERISTICAS | K50: COSTO | L50: FECHA
A51: =CONCATENATE(LEFT(C51,4),LEFT(H51,8)) -> CPUAULA-E2 | B51: 1 | C51: CPU | D51: NEGRO | E51: SION | F51: PC-SION-COE I5-SAM20 | G51: 81834 | H51: AULA-E2 | I51: BUENO | J51: WINDOWS 8.1 SINGLE LENGUAGE, PROCESADOR: INTEL ® CORE TM i5-4460 CPU, 3.20 GHZ, RAM 4 GB, 64 BITS, INTERNET ALAMBRICO | K51: 250 | L51: 45288
A52: =CONCATENATE(LEFT(C52,4),LEFT(H52,8)) -> MOUSAULA-E2 | B52: 1 | C52: MOUSE | D52: NEGRO, TRASPARENTE | E52: INS | F52: S/M | G52: S/S | H52: AULA-E2 | I52: BUENO | J52: ALAMBRICO, LED, OPTICO | K52: 5 | L52: 45288
A53: =CONCATENATE(LEFT(C53,4),LEFT(H53,8)) -> TECLAULA-E2 | B53: 1 | C53: TECLADO | D53: NEGRO | E53: DELUX | F53: K5015 | G53: K50151110000601 | H53: AULA-E2 | I53: BUENO | J53: ALAMBRICO, HERGONÓMICO, VARIOS USOS, CONECTOR USB | K53: 17 | L53: 45288
A54: =CONCATENATE(LEFT(C54,4),LEFT(H54,8)) -> PROYAULA-E2 | B54: 1 | C54: PROYECTOR | D54: BLANCO | E54: VIEWSONIC | F54: PA503S | G54: VOR231704316 | H54: AULA-E2 | I54: BUENO | J54: CON PEDESTAL, CABLE HDMI DE 15 m. Y CABLE DE ENERGIA | K54: 582.72 | L54: 45288
A55: =CONCATENATE(LEFT(C55,4),LEFT(H55,8)) -> CONTAULA-E2 | B55: 1 | C55: CONTROL PROYECTOR | D55: BLANCO | E55: VIEWSONIC | F55: Q-3101 | G55: S/S | H55: AULA-E2 | I55: BUENO | J55: 2 PILAS AAA | K55: 10 | L55: 45288
A56: =CONCATENATE(LEFT(C56,4),LEFT(H56,8)) -> PARLAULA-E2 | B56: 1 | C56: PARLANTES | D56: NEGRO | E56: KLIP EXTREME | F56: KSS-710 | G56: 13-11580 | H56: AULA-E2 | I56: BUENO | J56: CON SOPORTE AEREO, CABLE DE SONIO DE 20 m. Y CABLE DE ENERGIA, 1 BAJO Y 2 TWITERS | K56: 103 | L56: 45288
A57: =CONCATENATE(LEFT(C57,4),LEFT(H57,8)) -> CAMAAULA-E2 | B57: 1 | C57: CAMARA VIDEO VIGILANCIA | D57: BLANCO | E57: HIKVISION | F57: S/M | G57: S/S | H57: AULA-E2 | I57: BUENO | J57: CONECTADA AL DVR Y VISION EN MOVIL Y CUARTO DE RED | K57: 35 | L57: 45288
A58: =CONCATENATE(LEFT(C58,4),LEFT(H58,8)) -> SENSAULA-E2 | B58: 1 | C58: SENSOR DE ALARMA | D58: BLANCO | E58: DSC | F58: LC-100PI | G58: 88030080 | H58: AULA-E2 | I58: BUENO | J58: CONECTADA AL SISTEMA DE ALARMAS | K58: 20 | L58: 44841
A59: =CONCATENATE(LEFT(C59,4),LEFT(H59,8)) -> REGUAULA-E2 | B59: 1 | C59: REGULADOR DE VOLTAJE | D59: NEGRO | E59: AITEX | F59: AVR 1600SN | G59: 130414500 | H59: AULA-E2 | I59: BIENO | J59: DE 8 TOMAS, 120V-60HZ Y DOS TOMAS RJ11PARA TELÉFONO | K59: 15 | L59: 45288
A60: =CONCATENATE(LEFT(C60,4),LEFT(H60,8)) -> ADAPAULA-E2 | B60: 1 | C60: ADAPTADOR DE INTERNET | D60: BLANCO | E60: UI.COM | F60: GP-A240-050G | G60: 19320005685 | H60: AULA-E2 | I60: BUENO | J60: DOS PUERTOS 1 DE ENTRADA Y 1 SALIDA, CABLE DE ENERGIA | K60: 40 | L60: 45288
A61: =CONCATENATE(LEFT(C61,4),LEFT(H61,8))
A62: =CONCATENATE(LEFT(C62,4),LEFT(H62,8))
A63: =CONCATENATE(LEFT(C63,4),LEFT(H63,8))
A64: CODIGO | B64: CANTIDAD | C64: PRODUCTO | D64: COLOR | E64: MARCA | F64: MODELO | G64: SERIE | H64: UBICACIÓN | I64: ESTADO | J64: CARACTERISTICAS | K64: COSTO | L64: FECHA
A65: =CONCATENATE(LEFT(C65,4),LEFT(H65,8)) -> CPUAULA-D1 | B65: 1 | C65: CPU | D65: NEGRO | E65: INS | F65: GENERICO | G65: GENERICO | H65: AULA-D1 | I65: BUENO | J65: WINDOWS 8.1 ENTERPRISE, PROCESADOR: INTEL ® CORE TM i3-9100F CPU, 3.60 GHZ, RAM 4 GB, 64 BITS, INTERNET ALAMBRICO | K65: 250 | L65: 45288
A66: =CONCATENATE(LEFT(C66,4),LEFT(H66,8)) -> MOUSAULA-D1 | B66: 1 | C66: MOUSE | D66: NEGRO, TRASPARENTE | E66: INS | F66: S/M | G66: S/S | H66: AULA-D1 | I66: BUENO | J66: ALAMBRICO, LED, OPTICO | K66: 5 | L66: 45288
A67: =CONCATENATE(LEFT(C67,4),LEFT(H67,8)) -> TECLAULA-D1 | B67: 1 | C67: TECLADO | D67: NEGRO | E67: GENIUS | F67: KB-115 | G67: UD19M2705685 | H67: AULA-D1 | I67: BUENO | J67: ALAMBRICO, CONECTOR USB, COMPATIBLE PARA JUEGOS, TECLADO NUMÉRICO. | K67: 10 | L67: 45288
A68: =CONCATENATE(LEFT(C68,4),LEFT(H68,8)) -> PROYAULA-D1 | B68: 1 | C68: PROYECTOR | D68: BLANCO | E68: VIEWSONIC | F68: PA503S | G68: VOR231704169 | H68: AULA-D1 | I68: BUENO | J68: CON PEDESTAL, CABLE HDMI DE 15 m. Y CABLE DE ENERGIA | K68: 582.72 | L68: 45288
A69: =CONCATENATE(LEFT(C69,4),LEFT(H69,8)) -> CONTAULA-D1 | B69: 1 | C69: CONTROL PROYECTOR | D69: BLANCO | E69: VIEWSONIC | F69: Q-3101 | G69: S/S | H69: AULA-D1 | I69: BUENO | J69: 2 PILAS AAA | K69: 10 | L69: 45288
A70: =CONCATENATE(LEFT(C70,4),LEFT(H70,8)) -> PARLAULA-D1 | B70: 1 | C70: PARLANTES | D70: NEGRO | E70: GENERICO | F70: S/M | G70: S/S | H70: AULA-D1 | I70: BUENO | J70: CON SOPORTE AEREO, CABLE DE SONIO Y CABLE DE ENERGIA, 1 BAJO Y DOS TWITER | K70: 39.2 | L70: 45288
A71: =CONCATENATE(LEFT(C71,4),LEFT(H71,8)) -> CAMAAULA-D1 | B71: 1 | C71: CAMARA VIDEO VIGILANCIA | D71: BLANCO | E71: EZVIZ | F71: S/M | G71: S/S | H71: AULA-D1 | I71: BUENO | J71: VISION EN MOVIL GIRATORIA, CON ALARMA, TARGETA MICRO DE 64 GB | K71: 185.45 | L71: 45489
A72: =CONCATENATE(LEFT(C72,4),LEFT(H72,8)) -> MODEAULA-D1 | B72: 1 | C72: MODEM WIFI | D72: NEGRO | E72: TP-LINK | F72: ARCHEDC50(ES) | G72: 223C3L1003679 | H72: AULA-D1 | I72: BUENO | J72: 5 PUERTOS RJ45 Y CABLE DE ENERGIA | K72: 33.6 | L72: 45288
A73: =CONCATENATE(LEFT(C73,4),LEFT(H73,8))
A74: =CONCATENATE(LEFT(C74,4),LEFT(H74,8))
A75: =CONCATENATE(LEFT(C75,4),LEFT(H75,8))
A76: CODIGO | B76: CANTIDAD | C76: PRODUCTO | D76: COLOR | E76: MARCA | F76: MODELO | G76: SERIE | H76: UBICACIÓN | I76: ESTADO | J76: CARACTERISTICAS | K76: COSTO | L76: FECHA
A77: =CONCATENATE(LEFT(C77,4),LEFT(H77,8)) -> CPUAULA-E1 | B77: 1 | C77: CPU | D77: NEGRO | E77: INS | F77: GENERICO | G77: GENERICO | H77: AULA-E1 | I77: BUENO | J77: WINDOWS 8.1 ENTERPRISE, PROCESADOR: INTEL ® CORE TM i3-9100F CPU, 3.60 GHZ, RAM 4 GB, 64 BITS, INTERNET ALAMBRICO | K77: 250 | L77: 45288
A78: =CONCATENATE(LEFT(C78,4),LEFT(H78,8)) -> MOUSAULA-E1 | B78: 1 | C78: MOUSE | D78: NEGRO | E78: GENIUS | F78: GM-120014 | G78: X3E86009907469 | H78: AULA-E1 | I78: BUENO | J78: ALAMBRICO, LED, DISEÑO ERGONÓMICO | K78: 6 | L78: 45288
A79: =CONCATENATE(LEFT(C79,4),LEFT(H79,8)) -> TECLAULA-E1 | B79: 1 | C79: TECLADO | D79: NEGRO | E79: DELUX | F79: K5015 | G79: K501541111002496 | H79: AULA-E1 | I79: BUENO | J79: ALAMBRICO, HERGONÓMICO, VARIOS USOS, CONECTOR USB | K79: 17 | L79: 45288
A80: =CONCATENATE(LEFT(C80,4),LEFT(H80,8)) -> PROYAULA-E1 | B80: 1 | C80: PROYECTOR | D80: BLANCO | E80: VIEWSONIC | F80: PA503S | G80: VOR231704347 | H80: AULA-E1 | I80: BUENO | J80: CON PEDESTAL, CABLE HDMI DE 15 m. Y CABLE DE ENERGIA | K80: 582.72 | L80: 45288
A81: =CONCATENATE(LEFT(C81,4),LEFT(H81,8)) -> CONTAULA-E1 | B81: 1 | C81: CONTROL PROYECTOR | D81: BLANCO | E81: VIEWSONIC | F81: Q-3101 | G81: S/S | H81: AULA-E1 | I81: BUENO | J81: 2 PILAS AAA | K81: 10 | L81: 45288
A82: =CONCATENATE(LEFT(C82,4),LEFT(H82,8)) -> PARLAULA-E1 | B82: 1 | C82: PARLANTES | D82: NEGRO | E82: GENERICO | F82: S/M | G82: S/S | H82: AULA-E1 | I82: BUENO | J82: CON SOPORTE AEREO, CABLE DE SONIO Y CABLE DE ENERGIA, 1 BAJO Y DOS TWITER | K82: 39.2 | L82: 45288
A83: =CONCATENATE(LEFT(C83,4),LEFT(H83,8)) -> CAMAAULA-E1 | B83: 1 | C83: CAMARA VIDEO VIGILANCIA | D83: BLANCO | E83: EZVIZ | F83: S/M | G83: S/S | H83: AULA-E1 | I83: BUENO | J83: VISION EN MOVIL GIRATORIA, CON ALARMA, TARGETA MICRO DE 64 GB | K83: 185.45 | L83: 45489
A84: =CONCATENATE(LEFT(C84,4),LEFT(H84,8))
A85: =CONCATENATE(LEFT(C85,4),LEFT(H85,8))
A86: =CONCATENATE(LEFT(C86,4),LEFT(H86,8))
A87: CODIGO | B87: CANTIDAD | C87: PRODUCTO | D87: COLOR | E87: MARCA | F87: MODELO | G87: SERIE | H87: UBICACIÓN | I87: ESTADO | J87: CARACTERISTICAS | K87: COSTO | L87: FECHA
A88: =CONCATENATE(LEFT(C88,4),LEFT(H88,8)) -> CPUAULA-E3 | B88: 1 | C88: CPU | D88: NEGRO | E88: INS | F88: GENERICO | G88: 10020122019 | H88: AULA-E3 | I88: BUENO | J88: WINDOWS 8.1 ENTERPRISE, PROCESADOR: INTEL ® CORE TM i3-9100F CPU, 3.60 GHZ, RAM 4 GB, 64 BITS, INTERNET ALAMBRICO | K88: 250 | L88: 45288
A89: =CONCATENATE(LEFT(C89,4),LEFT(H89,8)) -> MOUSAULA-E3 | B89: 1 | C89: MOUSE | D89: NEGRO/BLANCO | E89: HAVIC | F89: HV-M8000 | G89: MS11M8000XM04762 | H89: AULA-E3 | I89: BUENO | J89: ALAMBRICO, LED, DISEÑO ERGON+OMICO COMPACTO | K89: 6 | L89: 45288
A90: =CONCATENATE(LEFT(C90,4),LEFT(H90,8)) -> TECLAULA-E3 | B90: 1 | C90: TECLADO | D90: NEGRO | E90: INS | F90: GENERICO | G90: 420050902802 | H90: AULA-E3 | I90: BUENO | J90: ALAMBRICO, HERGONÓMICO, CONECTOR USB, CON TECLADO NUMÉRICO | K90: 16.7 | L90: 45288
A91: =CONCATENATE(LEFT(C91,4),LEFT(H91,8)) -> PROYAULA-E3 | B91: 1 | C91: PROYECTOR | D91: BLANCO | E91: VIEWSONIC | F91: PA503S | G91: VOR231704317 | H91: AULA-E3 | I91: BUENO | J91: CON PEDESTAL, CABLE HDMI DE 15 m. Y CABLE DE ENERGIA | K91: 582.72 | L91: 45288
A92: =CONCATENATE(LEFT(C92,4),LEFT(H92,8)) -> CONTAULA-E3 | B92: 1 | C92: CONTROL PROYECTOR | D92: BLANCO | E92: VIEWSONIC | F92: Q-3101 | G92: S/S | H92: AULA-E3 | I92: BUENO | J92: 2 PILAS AAA | K92: 10 | L92: 45288
A93: =CONCATENATE(LEFT(C93,4),LEFT(H93,8)) -> PARLAULA-E3 | B93: 1 | C93: PARLANTES | D93: NEGRO | E93: GENERICO | F93: S/M | G93: S/S | H93: AULA-E3 | I93: BUENO | J93: CON SOPORTE AEREO, CABLE DE SONIO Y CABLE DE ENERGIA, 1 BAJO Y DOS TWITER | K93: 39.2 | L93: 45288
A94: =CONCATENATE(LEFT(C94,4),LEFT(H94,8)) -> CAMAAULA-E3 | B94: 1 | C94: CAMARA VIDEO VIGILANCIA | D94: BLANCO | E94: HIKVISION | F94: S/M | G94: S/S | H94: AULA-E3 | I94: BUENO | J94: CONECTADA AL DVR Y VISION EN MOVIL Y CUARTO DE RED | K94: 25 | L94: 45288
A95: =CONCATENATE(LEFT(C95,4),LEFT(H95,8))
A96: =CONCATENATE(LEFT(C96,4),LEFT(H96,8))
A97: =CONCATENATE(LEFT(C97,4),LEFT(H97,8))
A98: CODIGO | B98: CANTIDAD | C98: PRODUCTO | D98: COLOR | E98: MARCA | F98: MODELO | G98: SERIE | H98: UBICACIÓN | I98: ESTADO | J98: CARACTERISTICAS | K98: COSTO | L98: FECHA
A99: =CONCATENATE(LEFT(C99,4),LEFT(H99,8)) -> CAMASALON DE | B99: 1 | C99: CAMARA VIDEO VIGILANCIA | D99: BLANCO | E99: GENERICA | F99: GENERICO | G99: GENERICA | H99: SALON DE ACTOS | I99: BUENO | J99: VISION EN MOVIL GIRATORIA, CON ALARMA | K99: 25 | L99: 44841
A100: =CONCATENATE(LEFT(C100,4),LEFT(H100,8)) -> MODESALON DE | B100: 1 | C100: MODEM WIFI | D100: BLANCO | E100: TP-LINK | F100: TL-WR841N(ES) | G100: 220C292002527 | H100: SALON DE ACTOS | I100: BUENO | J100: DOS ANTENAS, 5 PUERTOS RJ45 | K100: 80 | L100: 44636
A101: =CONCATENATE(LEFT(C101,4),LEFT(H101,8))
A102: =CONCATENATE(LEFT(C102,4),LEFT(H102,8))
A103: =CONCATENATE(LEFT(C103,4),LEFT(H103,8))
A104: CODIGO | B104: CANTIDAD | C104: PRODUCTO | D104: COLOR | E104: MARCA | F104: MODELO | G104: SERIE | H104: UBICACIÓN | I104: ESTADO | J104: CARACTERISTICAS | K104: COSTO | L104: FECHA
A105: =CONCATENATE(LEFT(C105,4),LEFT(H105,8)) -> MINIPSICOSEN | B105: 1 | C105: MINI CPU NUC | D105: NEGRO | E105: INTEL | F105: G6AY109001VH | G105: PROYECT CODE NUC6CAYH | H105: PSICOSENSOMÉTRICO 1 | I105: BUENO | J105: CONECTADO TODOS LOS DISPOSITIVOS DEL EQUIPO E INSTALADO EL SOFTWARE PARA PRUEBAS DEL BIOMÉTRICO | K105: 7840 | L105: 45342
A106: =CONCATENATE(LEFT(C106,4),LEFT(H106,8)) -> MONIPSICOSEN | B106: 1 | C106: MONITOR | D106: NEGRO | E106: LG | F106: 20MK400H-B | G106: 012NTCZDP579 | H106: PSICOSENSOMÉTRICO 1 | I106: BUENO | J106: 19" PARA VISUALIZACIÓN DE DATOS DEL USUARIO | K106: 0 | L106: 45342
A107: =CONCATENATE(LEFT(C107,4),LEFT(H107,8)) -> MONIPSICOSEN | B107: 1 | C107: MONITOR | D107: NEGRO | E107: LG | F107: 20MK400H-B | G107: 012NTFADP643 | H107: PSICOSENSOMÉTRICO 1 | I107: BUENO | J107: 19" PARA VISUALIZACIÓN DE DATOS DEL EXAMINADOR | K107: 0 | L107: 45342
A108: =CONCATENATE(LEFT(C108,4),LEFT(H108,8)) -> MOUSPSICOSEN | B108: 1 | C108: MOUSE | D108: NEGRO | E108: QUASAD | F108: QKM-5100G | G108: GENÉRICO | H108: PSICOSENSOMÉTRICO 1 | I108: BUENO | J108: MOUSE WIRELESS 1.5V, INALAMBRICO | K108: 0 | L108: 45342
A109: =CONCATENATE(LEFT(C109,4),LEFT(H109,8)) -> HUB PSICOSEN | B109: 1 | C109: HUB USB | D109: BLANCO | E109: INS | F109: GENÉRICO | G109: GENÉRICO | H109: PSICOSENSOMÉTRICO 1 | I109: BUENO | J109: DOS PUERTOS HABILITADOS | K109: 0 | L109: 45342
A110: =CONCATENATE(LEFT(C110,4),LEFT(H110,8)) -> REGUPSICOSEN | B110: 1 | C110: REGULADOR DE VOLTAJE | D110: NEGRO | E110: SPEEDMEEN | F110: SMREG 1200W | G110: 20REG1200021022 | H110: PSICOSENSOMÉTRICO 1 | I110: BUENO | J110: DE 8 TOMAS, 120V-60HZ Y DOS TOMAS RJ11 PARA TELÉFONO | K110: 0 | L110: 45342
A111: =CONCATENATE(LEFT(C111,4),LEFT(H111,8)) -> TECLPSICOSEN | B111: 1 | C111: TECLADO | D111: NEGRO | E111: QUASAD | F111: QKM-5100G | G111: GENERICO | H111: PSICOSENSOMÉTRICO 1 | I111: BUENO | J111: TECLADO WIRELESS | K111: 0 | L111: 45342
...

Sheet TODO_PROD
A12: =+EDITABLE!$C$12 -> PRODUCTO | B12: =+EDITABLE!$A$12 -> CODIGO | C12: =+EDITABLE!$B$12 -> CANTIDAD | D12: =+EDITABLE!$D$12 -> COLOR | E12: =+EDITABLE!$E$12 -> MARCA | F12: =+EDITABLE!$F$12 -> MODELO | G12: =+EDITABLE!$G$12 -> SERIE | H12: =+EDITABLE!$H$12 -> UBICACIÓN | I12: =+EDITABLE!$I$12 -> ESTADO | J12: =+EDITABLE!$J$12 -> CARACTERISTICAS | K12: =+EDITABLE!$K$12 -> COSTO | L12: FECHA
A13: =CONCATENATE(+EDITABLE!C13," ",H13) -> CPU AULA-C1 | B13: =+EDITABLE!A13 -> CPUAULA-C1 | C13: =+EDITABLE!B13 -> 1 | D13: =+EDITABLE!D13 -> NEGRO | E13: =+EDITABLE!E13 -> INS | F13: =+EDITABLE!F13 -> GENERICO | G13: =+EDITABLE!G13 -> 91225062019 | H13: =+EDITABLE!H13 -> AULA-C1 | I13: =+EDITABLE!I13 -> BUENO | J13: =+EDITABLE!J13 -> WINDOWS 8.1 ENTERPRISE, PROCESADOR: INTEL ® CORE TM i3-9100F CPU, 360 GHZ, RAM 4 GB, 64 BITS, INTERNET ALAMBRICO | K13: =+EDITABLE!K13 -> 250 | L13: =+EDITABLE!L13 -> 45288 | M13: 1
A14: =CONCATENATE(+EDITABLE!C14," ",H14) -> MONITOR AULA-C1 | B14: =+EDITABLE!A14 -> MONIAULA-C1 | C14: =+EDITABLE!B14 -> 1 | D14: =+EDITABLE!D14 -> NEGRO | E14: =+EDITABLE!E14 -> LG | F14: =+EDITABLE!F14 -> 20MK400H-B | G14: =+EDITABLE!G14 -> 911NTHM1T121 | H14: =+EDITABLE!H14 -> AULA-C1 | I14: =+EDITABLE!I14 -> BUENO | J14: =+EDITABLE!J14 -> 19,5 PULGADAS, HDMI | K14: =+EDITABLE!K14 -> 60 | L14: =+EDITABLE!L14 -> 45288
A15: =CONCATENATE(+EDITABLE!C15," ",H15) -> MOUSE AULA-C1 | B15: =+EDITABLE!A15 -> MOUSAULA-C1 | C15: =+EDITABLE!B15 -> 1 | D15: =+EDITABLE!D15 -> NEGRO | E15: =+EDITABLE!E15 -> GENERICO | F15: =+EDITABLE!F15 -> 5V-100MA | G15: =+EDITABLE!G15 -> S/S | H15: =+EDITABLE!H15 -> AULA-C1 | I15: =+EDITABLE!I15 -> BUENO | J15: =+EDITABLE!J15 -> ALAMBRICO, LED | K15: =+EDITABLE!K15 -> 5 | L15: =+EDITABLE!L15 -> 45288
A16: =CONCATENATE(+EDITABLE!C16," ",H16) -> TECLADO AULA-C1 | B16: =+EDITABLE!A16 -> TECLAULA-C1 | C16: =+EDITABLE!B16 -> 1 | D16: =+EDITABLE!D16 -> NEGRO | E16: =+EDITABLE!E16 -> INS | F16: =+EDITABLE!F16 -> S/M | G16: =+EDITABLE!G16 -> S/S | H16: =+EDITABLE!H16 -> AULA-C1 | I16: =+EDITABLE!I16 -> BUENO | J16: =+EDITABLE!J16 -> ALAMBRICO, HERGONÓMICO, CONECTOR USB, CON TECLADO NUMÉRICO | K16: =+EDITABLE!K16 -> 16.7 | L16: =+EDITABLE!L16 -> 45288
A17: =CONCATENATE(+EDITABLE!C17," ",H17) -> PROYECTOR AULA-C1 | B17: =+EDITABLE!A17 -> PROYAULA-C1 | C17: =+EDITABLE!B17 -> 1 | D17: =+EDITABLE!D17 -> NEGRO | E17: =+EDITABLE!E17 -> EPSON | F17: =+EDITABLE!F17 -> POWER LITE S12+ | G17: =+EDITABLE!G17 -> PSPK3401963 | H17: =+EDITABLE!H17 -> AULA-C1 | I17: =+EDITABLE!I17 -> BUENO | J17: =+EDITABLE!J17 -> CON PEDESTAL, CABLE VGA DE 15 m. Y CABLE DE ENERGIA | K17: =+EDITABLE!K17 -> 400 | L17: =+EDITABLE!L17 -> 45288
A18: =CONCATENATE(+EDITABLE!C18," ",H18) -> PARLANTES AULA-C1 | B18: =+EDITABLE!A18 -> PARLAULA-C1 | C18: =+EDITABLE!B18 -> 1 | D18: =+EDITABLE!D18 -> NEGRO | E18: =+EDITABLE!E18 -> KLIP EXTREME | F18: =+EDITABLE!F18 -> KSS-710 | G18: =+EDITABLE!G18 -> 13-11580 | H18: =+EDITABLE!H18 -> AULA-C1 | I18: =+EDITABLE!I18 -> BUENO | J18: =+EDITABLE!J18 -> CON SOPORTE AEREO, CABLE DE SONIO DE 20 m. Y CABLE DE ENERGIA, 1 BAJO Y 2 TWITERS | K18: =+EDITABLE!K18 -> 103 | L18: =+EDITABLE!L18 -> 45288
A19: =CONCATENATE(+EDITABLE!C19," ",H19) -> CAMARA VIDEO VIGILANCIA AULA-C1 | B19: =+EDITABLE!A19 -> CAMAAULA-C1 | C19: =+EDITABLE!B19 -> 1 | D19: =+EDITABLE!D19 -> BLANCO | E19: =+EDITABLE!E19 -> HIKVISION | F19: =+EDITABLE!F19 -> S/M | G19: =+EDITABLE!G19 -> S/S | H19: =+EDITABLE!H19 -> AULA-C1 | I19: =+EDITABLE!I19 -> BUENO | J19: =+EDITABLE!J19 -> CONECTADA AL DVR Y VISION EN MOVIL Y CUARTO DE RED | K19: =+EDITABLE!K19 -> 25 | L19: =+EDITABLE!L19 -> 44841
A20: =CONCATENATE(+EDITABLE!C20," ",H20) -> SENSOR DE ALARMA AULA-C1 | B20: =+EDITABLE!A20 -> SENSAULA-C1 | C20: =+EDITABLE!B20 -> 1 | D20: =+EDITABLE!D20 -> BLANCO | E20: =+EDITABLE!E20 -> DSC | F20: =+EDITABLE!F20 -> LC-100PI | G20: =+EDITABLE!G20 -> 88030080 | H20: =+EDITABLE!H20 -> AULA-C1 | I20: =+EDITABLE!I20 -> BUENO | J20: =+EDITABLE!J20 -> CONECTADA AL SISTEMA DE ALARMAS | K20: =+EDITABLE!K20 -> 20 | L20: =+EDITABLE!L20 -> 44841
A21: =CONCATENATE(+EDITABLE!C21," ",H21) -> 0 | B21: =+EDITABLE!A21 | C21: =+EDITABLE!B21 -> 0 | D21: =+EDITABLE!D21 -> 0 | E21: =+EDITABLE!E21 -> 0 | F21: =+EDITABLE!F21 -> 0 | G21: =+EDITABLE!G21 -> 0 | H21: =+EDITABLE!H21 -> 0 | I21: =+EDITABLE!I21 -> 0 | J21: =+EDITABLE!J21 -> 0 | K21: =+EDITABLE!K21 -> 0 | L21: =+EDITABLE!L21 -> 0
A22: =CONCATENATE(+EDITABLE!C22," ",H22) -> 0 | B22: =+EDITABLE!A22 | C22: =+EDITABLE!B22 -> 0 | D22: =+EDITABLE!D22 -> 0 | E22: =+EDITABLE!E22 -> 0 | F22: =+EDITABLE!F22 -> 0 | G22: =+EDITABLE!G22 -> 0 | H22: =+EDITABLE!H22 -> 0 | I22: =+EDITABLE!I22 -> 0 | J22: =+EDITABLE!J22 -> 0 | K22: =+EDITABLE!K22 -> 0 | L22: =+EDITABLE!L22 -> 0
A23: =CONCATENATE(+EDITABLE!C23," ",H23) -> 0 | B23: =+EDITABLE!A23 | C23: =+EDITABLE!B23 -> 0 | D23: =+EDITABLE!D23 -> 0 | E23: =+EDITABLE!E23 -> 0 | F23: =+EDITABLE!F23 -> 0 | G23: =+EDITABLE!G23 -> 0 | H23: =+EDITABLE!H23 -> 0 | I23: =+EDITABLE!I23 -> 0 | J23: =+EDITABLE!J23 -> 0 | K23: =+EDITABLE!K23 -> 0 | L23: =+EDITABLE!L23 -> 0
A24: =CONCATENATE(+EDITABLE!C25," ",H24) -> CPU AULA-C2 | B24: =+EDITABLE!A25 -> CPUAULA-C2 | C24: =+EDITABLE!B25 -> 1 | D24: =+EDITABLE!D25 -> NEGRO | E24: =+EDITABLE!E25 -> INS | F24: =+EDITABLE!F25 -> GENERICO | G24: =+EDITABLE!G25 -> 91225062019 | H24: =+EDITABLE!H25 -> AULA-C2 | I24: =+EDITABLE!I25 -> BUENO | J24: =+EDITABLE!J25 -> WINDOWS 8.1 ENTERPRISE, PROCESADOR: INTEL ® CORE TM i3-9100F CPU, 360 GHZ, RAM 4 GB, 64 BITS, INTERNET ALAMBRICO | K24: =+EDITABLE!K25 -> 250 | L24: =+EDITABLE!L25 -> 45288 | M24: 2
A25: =CONCATENATE(+EDITABLE!C26," ",H25) -> MONITOR AULA-C2 | B25: =+EDITABLE!A26 -> MONIAULA-C2 | C25: =+EDITABLE!B26 -> 1 | D25: =+EDITABLE!D26 -> NEGRO | E25: =+EDITABLE!E26 -> LG | F25: =+EDITABLE!F26 -> 20MK400H-B | G25: =+EDITABLE!G26 -> 911NTNH1S119 | H25: =+EDITABLE!H26 -> AULA-C2 | I25: =+EDITABLE!I26 -> BUENO | J25: =+EDITABLE!J26 -> 19,5 PULGADAS, HDMI | K25: =+EDITABLE!K26 -> 60 | L25: =+EDITABLE!L26 -> 45288
A26: =CONCATENATE(+EDITABLE!C27," ",H26) -> MOUSE AULA-C2 | B26: =+EDITABLE!A27 -> MOUSAULA-C2 | C26: =+EDITABLE!B27 -> 1 | D26: =+EDITABLE!D27 -> NEGRO | E26: =+EDITABLE!E27 -> GENIUS | F26: =+EDITABLE!F27 -> GM-04011P | G26: =+EDITABLE!G27 -> 124430707394 | H26: =+EDITABLE!H27 -> AULA-C2 | I26: =+EDITABLE!I27 -> BUENO | J26: =+EDITABLE!J27 -> ALAMBRICO, LED, DISEÑO ERGONÓMICO | K26: =+EDITABLE!K27 -> 6 | L26: =+EDITABLE!L27 -> 45288
A27: =CONCATENATE(+EDITABLE!C28," ",H27) -> TECLADO AULA-C2 | B27: =+EDITABLE!A28 -> TECLAULA-C2 | C27: =+EDITABLE!B28 -> 1 | D27: =+EDITABLE!D28 -> NEGRO | E27: =+EDITABLE!E28 -> INS | F27: =+EDITABLE!F28 -> S/M | G27: =+EDITABLE!G28 -> S/S | H27: =+EDITABLE!H28 -> AULA-C2 | I27: =+EDITABLE!I28 -> BUENO | J27: =+EDITABLE!J28 -> ALAMBRICO, HERGONÓMICO, CONECTOR USB, CON TECLADO NUMÉRICO | K27: =+EDITABLE!K28 -> 16.7 | L27: =+EDITABLE!L28 -> 45288
A28: =CONCATENATE(+EDITABLE!C29," ",H28) -> PROYECTOR AULA-C2 | B28: =+EDITABLE!A29 -> PROYAULA-C2 | C28: =+EDITABLE!B29 -> 1 | D28: =+EDITABLE!D29 -> NEGRO | E28: =+EDITABLE!E29 -> EPSON | F28: =+EDITABLE!F29 -> POWER LITE S12+ | G28: =+EDITABLE!G29 -> PSPK3401919 | H28: =+EDITABLE!H29 -> AULA-C2 | I28: =+EDITABLE!I29 -> BUENO | J28: =+EDITABLE!J29 -> CON PEDESTAL, CABLE VGA DE 15 m. Y CABLE DE ENERGIA | K28: =+EDITABLE!K29 -> 400 | L28: =+EDITABLE!L29 -> 45288
A29: =CONCATENATE(+EDITABLE!C30," ",H29) -> PARLANTES AULA-C2 | B29: =+EDITABLE!A30 -> PARLAULA-C2 | C29: =+EDITABLE!B30 -> 1 | D29: =+EDITABLE!D30 -> NEGRO | E29: =+EDITABLE!E30 -> KLIP EXTREME | F29: =+EDITABLE!F30 -> KSS-710 | G29: =+EDITABLE!G30 -> 13-1158005 | H29: =+EDITABLE!H30 -> AULA-C2 | I29: =+EDITABLE!I30 -> BUENO | J29: =+EDITABLE!J30 -> CON SOPORTE AEREO, CABLE DE SONIO DE 20 m. Y CABLE DE ENERGIA, 1 BAJO Y 2 TWITERS | K29: =+EDITABLE!K30 -> 103 | L29: =+EDITABLE!L30 -> 45288
A30: =CONCATENATE(+EDITABLE!C31," ",H30) -> CAMARA VIDEO VIGILANCIA AULA-C2 | B30: =+EDITABLE!A31 -> CAMAAULA-C2 | C30: =+EDITABLE!B31 -> 1 | D30: =+EDITABLE!D31 -> BLANCO | E30: =+EDITABLE!E31 -> HIKVISION | F30: =+EDITABLE!F31 -> S/M | G30: =+EDITABLE!G31 -> S/S | H30: =+EDITABLE!H31 -> AULA-C2 | I30: =+EDITABLE!I31 -> BUENO | J30: =+EDITABLE!J31 -> CONECTADA AL DVR Y VISION EN MOVIL Y CUARTO DE RED | K30: =+EDITABLE!K31 -> 25 | L30: =+EDITABLE!L31 -> 44841
A31: =CONCATENATE(+EDITABLE!C32," ",H31) -> SENSOR DE ALARMA AULA-C2 | B31: =+EDITABLE!A32 -> SENSAULA-C2 | C31: =+EDITABLE!B32 -> 1 | D31: =+EDITABLE!D32 -> BLANCO | E31: =+EDITABLE!E32 -> DSC | F31: =+EDITABLE!F32 -> LC-100PI | G31: =+EDITABLE!G32 -> 88030080 | H31: =+EDITABLE!H32 -> AULA-C2 | I31: =+EDITABLE!I32 -> BUENO | J31: =+EDITABLE!J32 -> CONECTADA AL SISTEMA DE ALARMAS | K31: =+EDITABLE!K32 -> 20 | L31: =+EDITABLE!L32 -> 44841
A32: =CONCATENATE(+EDITABLE!C33," ",H32) -> SWITCH DE INTERNET AULA-C2 | B32: =+EDITABLE!A33 -> SWITAULA-C2 | C32: =+EDITABLE!B33 -> 1 | D32: =+EDITABLE!D33 -> AZUL | E32: =+EDITABLE!E33 -> T-PLINK | F32: =+EDITABLE!F33 -> TN-SG108 | G32: =+EDITABLE!G33 -> 22361E5003891 | H32: =+EDITABLE!H33 -> AULA-C2 | I32: =+EDITABLE!I33 -> BUENO | J32: =+EDITABLE!J33 -> DE 5 PUERTOS RJ45, TIPO DE COMUNICACIÓN STORE AND FORWARD | K32: =+EDITABLE!K33 -> 22 | L32: =+EDITABLE!L33 -> 45288
A33: =CONCATENATE(+EDITABLE!C34," ",H33) -> REGULADOR DE VOLTAJE AULA-C2 | B33: =+EDITABLE!A34 -> REGUAULA-C2 | C33: =+EDITABLE!B34 -> 1 | D33: =+EDITABLE!D34 -> NEGRO | E33: =+EDITABLE!E34 -> INS | F33: =+EDITABLE!F34 -> AVR-INS2000VA | G33: =+EDITABLE!G34 -> 19C04206300 | H33: =+EDITABLE!H34 -> AULA-C2 | I33: =+EDITABLE!I34 -> BUENO | J33: =+EDITABLE!J34 -> DE 8 TOMAS, 120V-60HZ, 2 PUERTOS RJ11 PARA TELÉFONO | K33: =+EDITABLE!K34 -> 15 | L33: =+EDITABLE!L34 -> 45288
A34: =CONCATENATE(+EDITABLE!C35," ",H34) -> 0 | B34: =+EDITABLE!A35 | C34: =+EDITABLE!B35 -> 0 | D34: =+EDITABLE!D35 -> 0 | E34: =+EDITABLE!E35 -> 0 | F34: =+EDITABLE!F35 -> 0 | G34: =+EDITABLE!G35 -> 0 | H34: =+EDITABLE!H35 -> 0 | I34: =+EDITABLE!I35 -> 0 | J34: =+EDITABLE!J35 -> 0 | K34: =+EDITABLE!K35 -> 0 | L34: =+EDITABLE!L35 -> 0
A35: =CONCATENATE(+EDITABLE!C36," ",H35) -> 0 | B35: =+EDITABLE!A36 | C35: =+EDITABLE!B36 -> 0 | D35: =+EDITABLE!D36 -> 0 | E35: =+EDITABLE!E36 -> 0 | F35: =+EDITABLE!F36 -> 0 | G35: =+EDITABLE!G36 -> 0 | H35: =+EDITABLE!H36 -> 0 | I35: =+EDITABLE!I36 -> 0 | J35: =+EDITABLE!J36 -> 0 | K35: =+EDITABLE!K36 -> 0 | L35: =+EDITABLE!L36 -> 0
A36: =CONCATENATE(+EDITABLE!C37," ",H36) -> 0 | B36: =+EDITABLE!A37 | C36: =+EDITABLE!B37 -> 0 | D36: =+EDITABLE!D37 -> 0 | E36: =+EDITABLE!E37 -> 0 | F36: =+EDITABLE!F37 -> 0 | G36: =+EDITABLE!G37 -> 0 | H36: =+EDITABLE!H37 -> 0 | I36: =+EDITABLE!I37 -> 0 | J36: =+EDITABLE!J37 -> 0 | K36: =+EDITABLE!K37 -> 0 | L36: =+EDITABLE!L37 -> 0
A37: =CONCATENATE(+EDITABLE!C39," ",H37) -> CPU AULA-C3 | B37: =+EDITABLE!A39 -> CPUAULA-C3 | C37: =+EDITABLE!B39 -> 1 | D37: =+EDITABLE!D39 -> NEGRO | E37: =+EDITABLE!E39 -> DELUX | F37: =+EDITABLE!F39 -> S/M | G37: =+EDITABLE!G39 -> S/S | H37: =+EDITABLE!H39 -> AULA-C3 | I37: =+EDITABLE!I39 -> BUENO | J37: =+EDITABLE!J39 -> WINDOWS 8.1 ENTERPRISE, PROCESADOR: INTEL ® CORE TM i5-2310 CPU, 2.90 GHZ, RAM 4 GB, 64 BITS, INTERNET ALAMBRICO | K37: =+EDITABLE!K39 -> 250 | L37: =+EDITABLE!L39 -> 45288 | M37: 3
A38: =CONCATENATE(+EDITABLE!C40," ",H38) -> MONITOR AULA-C3 | B38: =+EDITABLE!A40 -> MONIAULA-C3 | C38: =+EDITABLE!B40 -> 1 | D38: =+EDITABLE!D40 -> NEGRO | E38: =+EDITABLE!E40 -> HP | F38: =+EDITABLE!F40 -> HPLV1911 | G38: =+EDITABLE!G40 -> 6CM213011T | H38: =+EDITABLE!H40 -> AULA-C3 | I38: =+EDITABLE!I40 -> BUENO | J38: =+EDITABLE!J40 -> 19,5 PULGADAS | K38: =+EDITABLE!K40 -> 100 | L38: =+EDITABLE!L40 -> 45288
A39: =CONCATENATE(+EDITABLE!C41," ",H39) -> MOUSE AULA-C3 | B39: =+EDITABLE!A41 -> MOUSAULA-C3 | C39: =+EDITABLE!B41 -> 1 | D39: =+EDITABLE!D41 -> NEGRO, TRASPARENTE | E39: =+EDITABLE!E41 -> INS | F39: =+EDITABLE!F41 -> S/M | G39: =+EDITABLE!G41 -> S/S | H39: =+EDITABLE!H41 -> AULA-C3 | I39: =+EDITABLE!I41 -> BUENO | J39: =+EDITABLE!J41 -> ALAMBRICO, LED, OPTICO | K39: =+EDITABLE!K41 -> 5 | L39: =+EDITABLE!L41 -> 45288
A40: =CONCATENATE(+EDITABLE!C42," ",H40) -> TECLADO AULA-C3 | B40: =+EDITABLE!A42 -> TECLAULA-C3 | C40: =+EDITABLE!B42 -> 1 | D40: =+EDITABLE!D42 -> NEGRO | E40: =+EDITABLE!E42 -> GENERICO | F40: =+EDITABLE!F42 -> S/M | G40: =+EDITABLE!G42 -> S/S | H40: =+EDITABLE!H42 -> AULA-C3 | I40: =+EDITABLE!I42 -> BUENO | J40: =+EDITABLE!J42 -> ALAMBRICO, TECLADO ALFANUMÉRICO, TECLAS ESPECIALES, CONECCIÓN USB. | K40: =+EDITABLE!K42 -> 12 | L40: =+EDITABLE!L42 -> 45288
A41: =CONCATENATE(+EDITABLE!C43," ",H41) -> PROYECTOR AULA-C3 | B41: =+EDITABLE!A43 -> PROYAULA-C3 | C41: =+EDITABLE!B43 -> 1 | D41: =+EDITABLE!D43 -> NEGRO | E41: =+EDITABLE!E43 -> EPSON | F41: =+EDITABLE!F43 -> POWER LITE S12+ | G41: =+EDITABLE!G43 -> PSPK2308028 | H41: =+EDITABLE!H43 -> AULA-C3 | I41: =+EDITABLE!I43 -> BUENO | J41: =+EDITABLE!J43 -> CON PEDESTAL, CABLE VGA DE 15 m. Y CABLE DE ENERGIA | K41: =+EDITABLE!K43 -> 400 | L41: =+EDITABLE!L43 -> 45288
A42: =CONCATENATE(+EDITABLE!C44," ",H42) -> PARLANTES AULA-C3 | B42: =+EDITABLE!A44 -> PARLAULA-C3 | C42: =+EDITABLE!B44 -> 1 | D42: =+EDITABLE!D44 -> NEGRO | E42: =+EDITABLE!E44 -> KLIP EXTREME | F42: =+EDITABLE!F44 -> KSS-710 | G42: =+EDITABLE!G44 -> 13-11580 | H42: =+EDITABLE!H44 -> AULA-C3 | I42: =+EDITABLE!I44 -> BUENO | J42: =+EDITABLE!J44 -> CON SOPORTE AEREO, CABLE DE SONIO DE 20 m. Y CABLE DE ENERGIA, 1 BAJO Y 2 TWITERS | K42: =+EDITABLE!K44 -> 103 | L42: =+EDITABLE!L44 -> 45288
A43: =CONCATENATE(+EDITABLE!C45," ",H43) -> CAMARA VIDEO VIGILANCIA AULA-C3 | B43: =+EDITABLE!A45 -> CAMAAULA-C3 | C43: =+EDITABLE!B45 -> 1 | D43: =+EDITABLE!D45 -> BLANCO | E43: =+EDITABLE!E45 -> HIKVISION | F43: =+EDITABLE!F45 -> S/M | G43: =+EDITABLE!G45 -> S/S | H43: =+EDITABLE!H45 -> AULA-C3 | I43: =+EDITABLE!I45 -> BUENO | J43: =+EDITABLE!J45 -> CONECTADA AL DVR Y VISION EN MOVIL Y CUARTO DE RED | K43: =+EDITABLE!K45 -> 25 | L43: =+EDITABLE!L45 -> 44841
A44: =CONCATENATE(+EDITABLE!C46," ",H44) -> SENSOR DE ALARMA AULA-C3 | B44: =+EDITABLE!A46 -> SENSAULA-C3 | C44: =+EDITABLE!B46 -> 1 | D44: =+EDITABLE!D46 -> BLANCO | E44: =+EDITABLE!E46 -> DSC | F44: =+EDITABLE!F46 -> LC-100PI | G44: =+EDITABLE!G46 -> 88030080 | H44: =+EDITABLE!H46 -> AULA-C3 | I44: =+EDITABLE!I46 -> BUENO | J44: =+EDITABLE!J46 -> CONECTADA AL SISTEMA DE ALARMAS | K44: =+EDITABLE!K46 -> 20 | L44: =+EDITABLE!L46 -> 44841
A45: =CONCATENATE(+EDITABLE!C47," ",H45) -> 0 | B45: =+EDITABLE!A47 | C45: =+EDITABLE!B47 -> 0 | D45: =+EDITABLE!D47 -> 0 | E45: =+EDITABLE!E47 -> 0 | F45: =+EDITABLE!F47 -> 0 | G45: =+EDITABLE!G47 -> 0 | H45: =+EDITABLE!H47 -> 0 | I45: =+EDITABLE!I47 -> 0 | J45: =+EDITABLE!J47 -> 0 | K45: =+EDITABLE!K47 -> 0 | L45: =+EDITABLE!L47 -> 0
A46: =CONCATENATE(+EDITABLE!C48," ",H46) -> 0 | B46: =+EDITABLE!A48 | C46: =+EDITABLE!B48 -> 0 | D46: =+EDITABLE!D48 -> 0 | E46: =+EDITABLE!E48 -> 0 | F46: =+EDITABLE!F48 -> 0 | G46: =+EDITABLE!G48 -> 0 | H46: =+EDITABLE!H48 -> 0 | I46: =+EDITABLE!I48 -> 0 | J46: =+EDITABLE!J48 -> 0 | K46: =+EDITABLE!K48 -> 0 | L46: =+EDITABLE!L48 -> 0
A47: =CONCATENATE(+EDITABLE!C49," ",H47) -> 0 | B47: =+EDITABLE!A49 | C47: =+EDITABLE!B49 -> 0 | D47: =+EDITABLE!D49 -> 0 | E47: =+EDITABLE!E49 -> 0 | F47: =+EDITABLE!F49 -> 0 | G47: =+EDITABLE!G49 -> 0 | H47: =+EDITABLE!H49 -> 0 | I47: =+EDITABLE!I49 -> 0 | J47: =+EDITABLE!J49 -> 0 | K47: =+EDITABLE!K49 -> 0 | L47: =+EDITABLE!L49 -> 0
A48: =CONCATENATE(+EDITABLE!C51," ",H48) -> CPU AULA-E2 | B48: =+EDITABLE!A51 -> CPUAULA-E2 | C48: =+EDITABLE!B51 -> 1 | D48: =+EDITABLE!D51 -> NEGRO | E48: =+EDITABLE!E51 -> SION | F48: =+EDITABLE!F51 -> PC-SION-COE I5-SAM20 | G48: =+EDITABLE!G51 -> 81834 | H48: =+EDITABLE!H51 -> AULA-E2 | I48: =+EDITABLE!I51 -> BUENO | J48: =+EDITABLE!J51 -> WINDOWS 8.1 SINGLE LENGUAGE, PROCESADOR: INTEL ® CORE TM i5-4460 CPU, 3.20 GHZ, RAM 4 GB, 64 BITS, INTERNET ALAMBRICO | K48: =+EDITABLE!K51 -> 250 | L48: =+EDITABLE!L51 -> 45288 | M48: 4
A49: =CONCATENATE(+EDITABLE!C52," ",H49) -> MOUSE AULA-E2 | B49: =+EDITABLE!A52 -> MOUSAULA-E2 | C49: =+EDITABLE!B52 -> 1 | D49: =+EDITABLE!D52 -> NEGRO, TRASPARENTE | E49: =+EDITABLE!E52 -> INS | F49: =+EDITABLE!F52 -> S/M | G49: =+EDITABLE!G52 -> S/S | H49: =+EDITABLE!H52 -> AULA-E2 | I49: =+EDITABLE!I52 -> BUENO | J49: =+EDITABLE!J52 -> ALAMBRICO, LED, OPTICO | K49: =+EDITABLE!K52 -> 5 | L49: =+EDITABLE!L52 -> 45288
A50: =CONCATENATE(+EDITABLE!C53," ",H50) -> TECLADO AULA-E2 | B50: =+EDITABLE!A53 -> TECLAULA-E2 | C50: =+EDITABLE!B53 -> 1 | D50: =+EDITABLE!D53 -> NEGRO | E50: =+EDITABLE!E53 -> DELUX | F50: =+EDITABLE!F53 -> K5015 | G50: =+EDITABLE!G53 -> K50151110000601 | H50: =+EDITABLE!H53 -> AULA-E2 | I50: =+EDITABLE!I53 -> BUENO | J50: =+EDITABLE!J53 -> ALAMBRICO, HERGONÓMICO, VARIOS USOS, CONECTOR USB | K50: =+EDITABLE!K53 -> 17 | L50: =+EDITABLE!L53 -> 45288
A51: =CONCATENATE(+EDITABLE!C54," ",H51) -> PROYECTOR AULA-E2 | B51: =+EDITABLE!A54 -> PROYAULA-E2 | C51: =+EDITABLE!B54 -> 1 | D51: =+EDITABLE!D54 -> BLANCO | E51: =+EDITABLE!E54 -> VIEWSONIC | F51: =+EDITABLE!F54 -> PA503S | G51: =+EDITABLE!G54 -> VOR231704316 | H51: =+EDITABLE!H54 -> AULA-E2 | I51: =+EDITABLE!I54 -> BUENO | J51: =+EDITABLE!J54 -> CON PEDESTAL, CABLE HDMI DE 15 m. Y CABLE DE ENERGIA | K51: =+EDITABLE!K54 -> 582.72 | L51: =+EDITABLE!L54 -> 45288
A52: =CONCATENATE(+EDITABLE!C55," ",H52) -> CONTROL PROYECTOR AULA-E2 | B52: =+EDITABLE!A55 -> CONTAULA-E2 | C52: =+EDITABLE!B55 -> 1 | D52: =+EDITABLE!D55 -> BLANCO | E52: =+EDITABLE!E55 -> VIEWSONIC | F52: =+EDITABLE!F55 -> Q-3101 | G52: =+EDITABLE!G55 -> S/S | H52: =+EDITABLE!H55 -> AULA-E2 | I52: =+EDITABLE!I55 -> BUENO | J52: =+EDITABLE!J55 -> 2 PILAS AAA | K52: =+EDITABLE!K55 -> 10 | L52: =+EDITABLE!L55 -> 45288
A53: =CONCATENATE(+EDITABLE!C56," ",H53) -> PARLANTES AULA-E2 | B53: =+EDITABLE!A56 -> PARLAULA-E2 | C53: =+EDITABLE!B56 -> 1 | D53: =+EDITABLE!D56 -> NEGRO | E53: =+EDITABLE!E56 -> KLIP EXTREME | F53: =+EDITABLE!F56 -> KSS-710 | G53: =+EDITABLE!G56 -> 13-11580 | H53: =+EDITABLE!H56 -> AULA-E2 | I53: =+EDITABLE!I56 -> BUENO | J53: =+EDITABLE!J56 -> CON SOPORTE AEREO, CABLE DE SONIO DE 20 m. Y CABLE DE ENERGIA, 1 BAJO Y 2 TWITERS | K53: =+EDITABLE!K56 -> 103 | L53: =+EDITABLE!L56 -> 45288
A54: =CONCATENATE(+EDITABLE!C57," ",H54) -> CAMARA VIDEO VIGILANCIA AULA-E2 | B54: =+EDITABLE!A57 -> CAMAAULA-E2 | C54: =+EDITABLE!B57 -> 1 | D54: =+EDITABLE!D57 -> BLANCO | E54: =+EDITABLE!E57 -> HIKVISION | F54: =+EDITABLE!F57 -> S/M | G54: =+EDITABLE!G57 -> S/S | H54: =+EDITABLE!H57 -> AULA-E2 | I54: =+EDITABLE!I57 -> BUENO | J54: =+EDITABLE!J57 -> CONECTADA AL DVR Y VISION EN MOVIL Y CUARTO DE RED | K54: =+EDITABLE!K57 -> 35 | L54: =+EDITABLE!L57 -> 45288
A55: =CONCATENATE(+EDITABLE!C58," ",H55) -> SENSOR DE ALARMA AULA-E2 | B55: =+EDITABLE!A58 -> SENSAULA-E2 | C55: =+EDITABLE!B58 -> 1 | D55: =+EDITABLE!D58 -> BLANCO | E55: =+EDITABLE!E58 -> DSC | F55: =+EDITABLE!F58 -> LC-100PI | G55: =+EDITABLE!G58 -> 88030080 | H55: =+EDITABLE!H58 -> AULA-E2 | I55: =+EDITABLE!I58 -> BUENO | J55: =+EDITABLE!J58 -> CONECTADA AL SISTEMA DE ALARMAS | K55: =+EDITABLE!K58 -> 20 | L55: =+EDITABLE!L58 -> 44841
A56: =CONCATENATE(+EDITABLE!C59," ",H56) -> REGULADOR DE VOLTAJE AULA-E2 | B56: =+EDITABLE!A59 -> REGUAULA-E2 | C56: =+EDITABLE!B59 -> 1 | D56: =+EDITABLE!D59 -> NEGRO | E56: =+EDITABLE!E59 -> AITEX | F56: =+EDITABLE!F59 -> AVR 1600SN | G56: =+EDITABLE!G59 -> 130414500 | H56: =+EDITABLE!H59 -> AULA-E2 | I56: =+EDITABLE!I59 -> BIENO | J56: =+EDITABLE!J59 -> DE 8 TOMAS, 120V-60HZ Y DOS TOMAS RJ11PARA TELÉFONO | K56: =+EDITABLE!K59 -> 15 | L56: =+EDITABLE!L59 -> 45288
A57: =CONCATENATE(+EDITABLE!C60," ",H57) -> ADAPTADOR DE INTERNET AULA-E2 | B57: =+EDITABLE!A60 -> ADAPAULA-E2 | C57: =+EDITABLE!B60 -> 1 | D57: =+EDITABLE!D60 -> BLANCO | E57: =+EDITABLE!E60 -> UI.COM | F57: =+EDITABLE!F60 -> GP-A240-050G | G57: =+EDITABLE!G60 -> 19320005685 | H57: =+EDITABLE!H60 -> AULA-E2 | I57: =+EDITABLE!I60 -> BUENO | J57: =+EDITABLE!J60 -> DOS PUERTOS 1 DE ENTRADA Y 1 SALIDA, CABLE DE ENERGIA | K57: =+EDITABLE!K60 -> 40 | L57: =+EDITABLE!L60 -> 45288
A58: =CONCATENATE(+EDITABLE!C61," ",H58) -> 0 | B58: =+EDITABLE!A61 | C58: =+EDITABLE!B61 -> 0 | D58: =+EDITABLE!D61 -> 0 | E58: =+EDITABLE!E61 -> 0 | F58: =+EDITABLE!F61 -> 0 | G58: =+EDITABLE!G61 -> 0 | H58: =+EDITABLE!H61 -> 0 | I58: =+EDITABLE!I61 -> 0 | J58: =+EDITABLE!J61 -> 0 | K58: =+EDITABLE!K61 -> 0 | L58: =+EDITABLE!L61 -> 0
A59: =CONCATENATE(+EDITABLE!C62," ",H59) -> 0 | B59: =+EDITABLE!A62 | C59: =+EDITABLE!B62 -> 0 | D59: =+EDITABLE!D62 -> 0 | E59: =+EDITABLE!E62 -> 0 | F59: =+EDITABLE!F62 -> 0 | G59: =+EDITABLE!G62 -> 0 | H59: =+EDITABLE!H62 -> 0 | I59: =+EDITABLE!I62 -> 0 | J59: =+EDITABLE!J62 -> 0 | K59: =+EDITABLE!K62 -> 0 | L59: =+EDITABLE!L62 -> 0
A60: =CONCATENATE(+EDITABLE!C63," ",H60) -> 0 | B60: =+EDITABLE!A63 | C60: =+EDITABLE!B63 -> 0 | D60: =+EDITABLE!D63 -> 0 | E60: =+EDITABLE!E63 -> 0 | F60: =+EDITABLE!F63 -> 0 | G60: =+EDITABLE!G63 -> 0 | H60: =+EDITABLE!H63 -> 0 | I60: =+EDITABLE!I63 -> 0 | J60: =+EDITABLE!J63 -> 0 | K60: =+EDITABLE!K63 -> 0 | L60: =+EDITABLE!L63 -> 0
A61: =CONCATENATE(+EDITABLE!C65," ",H61) -> CPU AULA-D1 | B61: =+EDITABLE!A65 -> CPUAULA-D1 | C61: =+EDITABLE!B65 -> 1 | D61: =+EDITABLE!D65 -> NEGRO | E61: =+EDITABLE!E65 -> INS | F61: =+EDITABLE!F65 -> GENERICO | G61: =+EDITABLE!G65 -> GENERICO | H61: =+EDITABLE!H65 -> AULA-D1 | I61: =+EDITABLE!I65 -> BUENO | J61: =+EDITABLE!J65 -> WINDOWS 8.1 ENTERPRISE, PROCESADOR: INTEL ® CORE TM i3-9100F CPU, 3.60 GHZ, RAM 4 GB, 64 BITS, INTERNET ALAMBRICO | K61: =+EDITABLE!K65 -> 250 | L61: =+EDITABLE!L65 -> 45288 | M61: 5
A62: =CONCATENATE(+EDITABLE!C66," ",H62) -> MOUSE AULA-D1 | B62: =+EDITABLE!A66 -> MOUSAULA-D1 | C62: =+EDITABLE!B66 -> 1 | D62: =+EDITABLE!D66 -> NEGRO, TRASPARENTE | E62: =+EDITABLE!E66 -> INS | F62: =+EDITABLE!F66 -> S/M | G62: =+EDITABLE!G66 -> S/S | H62: =+EDITABLE!H66 -> AULA-D1 | I62: =+EDITABLE!I66 -> BUENO | J62: =+EDITABLE!J66 -> ALAMBRICO, LED, OPTICO | K62: =+EDITABLE!K66 -> 5 | L62: =+EDITABLE!L66 -> 45288
A63: =CONCATENATE(+EDITABLE!C67," ",H63) -> TECLADO AULA-D1 | B63: =+EDITABLE!A67 -> TECLAULA-D1 | C63: =+EDITABLE!B67 -> 1 | D63: =+EDITABLE!D67 -> NEGRO | E63: =+EDITABLE!E67 -> GENIUS | F63: =+EDITABLE!F67 -> KB-115 | G63: =+EDITABLE!G67 -> UD19M2705685 | H63: =+EDITABLE!H67 -> AULA-D1 | I63: =+EDITABLE!I67 -> BUENO | J63: =+EDITABLE!J67 -> ALAMBRICO, CONECTOR USB, COMPATIBLE PARA JUEGOS, TECLADO NUMÉRICO. | K63: =+EDITABLE!K67 -> 10 | L63: =+EDITABLE!L67 -> 45288
A64: =CONCATENATE(+EDITABLE!C68," ",H64) -> PROYECTOR AULA-D1 | B64: =+EDITABLE!A68 -> PROYAULA-D1 | C64: =+EDITABLE!B68 -> 1 | D64: =+EDITABLE!D68 -> BLANCO | E64: =+EDITABLE!E68 -> VIEWSONIC | F64: =+EDITABLE!F68 -> PA503S | G64: =+EDITABLE!G68 -> VOR231704169 | H64: =+EDITABLE!H68 -> AULA-D1 | I64: =+EDITABLE!I68 -> BUENO | J64: =+EDITABLE!J68 -> CON PEDESTAL, CABLE HDMI DE 15 m. Y CABLE DE ENERGIA | K64: =+EDITABLE!K68 -> 582.72 | L64: =+EDITABLE!L68 -> 45288
A65: =CONCATENATE(+EDITABLE!C69," ",H65) -> CONTROL PROYECTOR AULA-D1 | B65: =+EDITABLE!A69 -> CONTAULA-D1 | C65: =+EDITABLE!B69 -> 1 | D65: =+EDITABLE!D69 -> BLANCO | E65: =+EDITABLE!E69 -> VIEWSONIC | F65: =+EDITABLE!F69 -> Q-3101 | G65: =+EDITABLE!G69 -> S/S | H65: =+EDITABLE!H69 -> AULA-D1 | I65: =+EDITABLE!I69 -> BUENO | J65: =+EDITABLE!J69 -> 2 PILAS AAA | K65: =+EDITABLE!K69 -> 10 | L65: =+EDITABLE!L69 -> 45288
A66: =CONCATENATE(+EDITABLE!C70," ",H66) -> PARLANTES AULA-D1 | B66: =+EDITABLE!A70 -> PARLAULA-D1 | C66: =+EDITABLE!B70 -> 1 | D66: =+EDITABLE!D70 -> NEGRO | E66: =+EDITABLE!E70 -> GENERICO | F66: =+EDITABLE!F70 -> S/M | G66: =+EDITABLE!G70 -> S/S | H66: =+EDITABLE!H70 -> AULA-D1 | I66: =+EDITABLE!I70 -> BUENO | J66: =+EDITABLE!J70 -> CON SOPORTE AEREO, CABLE DE SONIO Y CABLE DE ENERGIA, 1 BAJO Y DOS TWITER | K66: =+EDITABLE!K70 -> 39.2 | L66: =+EDITABLE!L70 -> 45288
A67: =CONCATENATE(+EDITABLE!C71," ",H67) -> CAMARA VIDEO VIGILANCIA AULA-D1 | B67: =+EDITABLE!A71 -> CAMAAULA-D1 | C67: =+EDITABLE!B71 -> 1 | D67: =+EDITABLE!D71 -> BLANCO | E67: =+EDITABLE!E71 -> EZVIZ | F67: =+EDITABLE!F71 -> S/M | G67: =+EDITABLE!G71 -> S/S | H67: =+EDITABLE!H71 -> AULA-D1 | I67: =+EDITABLE!I71 -> BUENO | J67: =+EDITABLE!J71 -> VISION EN MOVIL GIRATORIA, CON ALARMA, TARGETA MICRO DE 64 GB | K67: =+EDITABLE!K71 -> 185.45 | L67: =+EDITABLE!L71 -> 45489
A68: =CONCATENATE(+EDITABLE!C72," ",H68) -> MODEM WIFI AULA-D1 | B68: =+EDITABLE!A72 -> MODEAULA-D1 | C68: =+EDITABLE!B72 -> 1 | D68: =+EDITABLE!D72 -> NEGRO | E68: =+EDITABLE!E72 -> TP-LINK | F68: =+EDITABLE!F72 -> ARCHEDC50(ES) | G68: =+EDITABLE!G72 -> 223C3L1003679 | H68: =+EDITABLE!H72 -> AULA-D1 | I68: =+EDITABLE!I72 -> BUENO | J68: =+EDITABLE!J72 -> 5 PUERTOS RJ45 Y CABLE DE ENERGIA | K68: =+EDITABLE!K72 -> 33.6 | L68: =+EDITABLE!L72 -> 45288
A69: =CONCATENATE(+EDITABLE!C73," ",H69) -> 0 | B69: =+EDITABLE!A73 | C69: =+EDITABLE!B73 -> 0 | D69: =+EDITABLE!D73 -> 0 | E69: =+EDITABLE!E73 -> 0 | F69: =+EDITABLE!F73 -> 0 | G69: =+EDITABLE!G73 -> 0 | H69: =+EDITABLE!H73 -> 0 | I69: =+EDITABLE!I73 -> 0 | J69: =+EDITABLE!J73 -> 0 | K69: =+EDITABLE!K73 -> 0 | L69: =+EDITABLE!L73 -> 0
A70: =CONCATENATE(+EDITABLE!C74," ",H70) -> 0 | B70: =+EDITABLE!A74 | C70: =+EDITABLE!B74 -> 0 | D70: =+EDITABLE!D74 -> 0 | E70: =+EDITABLE!E74 -> 0 | F70: =+EDITABLE!F74 -> 0 | G70: =+EDITABLE!G74 -> 0 | H70: =+EDITABLE!H74 -> 0 | I70: =+EDITABLE!I74 -> 0 | J70: =+EDITABLE!J74 -> 0 | K70: =+EDITABLE!K74 -> 0 | L70: =+EDITABLE!L74 -> 0
A71: =CONCATENATE(+EDITABLE!C75," ",H71) -> 0 | B71: =+EDITABLE!A75 | C71: =+EDITABLE!B75 -> 0 | D71: =+EDITABLE!D75 -> 0 | E71: =+EDITABLE!E75 -> 0 | F71: =+EDITABLE!F75 -> 0 | G71: =+EDITABLE!G75 -> 0 | H71: =+EDITABLE!H75 -> 0 | I71: =+EDITABLE!I75 -> 0 | J71: =+EDITABLE!J75 -> 0 | K71: =+EDITABLE!K75 -> 0 | L71: =+EDITABLE!L75 -> 0
A72: =CONCATENATE(+EDITABLE!C77," ",H72) -> CPU AULA-E1 | B72: =+EDITABLE!A77 -> CPUAULA-E1 | C72: =+EDITABLE!B77 -> 1 | D72: =+EDITABLE!D77 -> NEGRO | E72: =+EDITABLE!E77 -> INS | F72: =+EDITABLE!F77 -> GENERICO | G72: =+EDITABLE!G77 -> GENERICO | H72: =+EDITABLE!H77 -> AULA-E1 | I72: =+EDITABLE!I77 -> BUENO | J72: =+EDITABLE!J77 -> WINDOWS 8.1 ENTERPRISE, PROCESADOR: INTEL ® CORE TM i3-9100F CPU, 3.60 GHZ, RAM 4 GB, 64 BITS, INTERNET ALAMBRICO | K72: =+EDITABLE!K77 -> 250 | L72: =+EDITABLE!L77 -> 45288 | M72: 6
A73: =CONCATENATE(+EDITABLE!C78," ",H73) -> MOUSE AULA-E1 | B73: =+EDITABLE!A78 -> MOUSAULA-E1 | C73: =+EDITABLE!B78 -> 1 | D73: =+EDITABLE!D78 -> NEGRO | E73: =+EDITABLE!E78 -> GENIUS | F73: =+EDITABLE!F78 -> GM-120014 | G73: =+EDITABLE!G78 -> X3E86009907469 | H73: =+EDITABLE!H78 -> AULA-E1 | I73: =+EDITABLE!I78 -> BUENO | J73: =+EDITABLE!J78 -> ALAMBRICO, LED, DISEÑO ERGONÓMICO | K73: =+EDITABLE!K78 -> 6 | L73: =+EDITABLE!L78 -> 45288
A74: =CONCATENATE(+EDITABLE!C79," ",H74) -> TECLADO AULA-E1 | B74: =+EDITABLE!A79 -> TECLAULA-E1 | C74: =+EDITABLE!B79 -> 1 | D74: =+EDITABLE!D79 -> NEGRO | E74: =+EDITABLE!E79 -> DELUX | F74: =+EDITABLE!F79 -> K5015 | G74: =+EDITABLE!G79 -> K501541111002496 | H74: =+EDITABLE!H79 -> AULA-E1 | I74: =+EDITABLE!I79 -> BUENO | J74: =+EDITABLE!J79 -> ALAMBRICO, HERGONÓMICO, VARIOS USOS, CONECTOR USB | K74: =+EDITABLE!K79 -> 17 | L74: =+EDITABLE!L79 -> 45288
A75: =CONCATENATE(+EDITABLE!C80," ",H75) -> PROYECTOR AULA-E1 | B75: =+EDITABLE!A80 -> PROYAULA-E1 | C75: =+EDITABLE!B80 -> 1 | D75: =+EDITABLE!D80 -> BLANCO | E75: =+EDITABLE!E80 -> VIEWSONIC | F75: =+EDITABLE!F80 -> PA503S | G75: =+EDITABLE!G80 -> VOR231704347 | H75: =+EDITABLE!H80 -> AULA-E1 | I75: =+EDITABLE!I80 -> BUENO | J75: =+EDITABLE!J80 -> CON PEDESTAL, CABLE HDMI DE 15 m. Y CABLE DE ENERGIA | K75: =+EDITABLE!K80 -> 582.72 | L75: =+EDITABLE!L80 -> 45288
A76: =CONCATENATE(+EDITABLE!C81," ",H76) -> CONTROL PROYECTOR AULA-E1 | B76: =+EDITABLE!A81 -> CONTAULA-E1 | C76: =+EDITABLE!B81 -> 1 | D76: =+EDITABLE!D81 -> BLANCO | E76: =+EDITABLE!E81 -> VIEWSONIC | F76: =+EDITABLE!F81 -> Q-3101 | G76: =+EDITABLE!G81 -> S/S | H76: =+EDITABLE!H81 -> AULA-E1 | I76: =+EDITABLE!I81 -> BUENO | J76: =+EDITABLE!J81 -> 2 PILAS AAA | K76: =+EDITABLE!K81 -> 10 | L76: =+EDITABLE!L81 -> 45288
A77: =CONCATENATE(+EDITABLE!C82," ",H77) -> PARLANTES AULA-E1 | B77: =+EDITABLE!A82 -> PARLAULA-E1 | C77: =+EDITABLE!B82 -> 1 | D77: =+EDITABLE!D82 -> NEGRO | E77: =+EDITABLE!E82 -> GENERICO | F77: =+EDITABLE!F82 -> S/M | G77: =+EDITABLE!G82 -> S/S | H77: =+EDITABLE!H82 -> AULA-E1 | I77: =+EDITABLE!I82 -> BUENO | J77: =+EDITABLE!J82 -> CON SOPORTE AEREO, CABLE DE SONIO Y CABLE DE ENERGIA, 1 BAJO Y DOS TWITER | K77: =+EDITABLE!K82 -> 39.2 | L77: =+EDITABLE!L82 -> 45288
A78: =CONCATENATE(+EDITABLE!C83," ",H78) -> CAMARA VIDEO VIGILANCIA AULA-E1 | B78: =+EDITABLE!A83 -> CAMAAULA-E1 | C78: =+EDITABLE!B83 -> 1 | D78: =+EDITABLE!D83 -> BLANCO | E78: =+EDITABLE!E83 -> EZVIZ | F78: =+EDITABLE!F83 -> S/M | G78: =+EDITABLE!G83 -> S/S | H78: =+EDITABLE!H83 -> AULA-E1 | I78: =+EDITABLE!I83 -> BUENO | J78: =+EDITABLE!J83 -> VISION EN MOVIL GIRATORIA, CON ALARMA, TARGETA MICRO DE 64 GB | K78: =+EDITABLE!K83 -> 185.45 | L78: =+EDITABLE!L83 -> 45489
A79: =CONCATENATE(+EDITABLE!C84," ",H79) -> 0 | B79: =+EDITABLE!A84 | C79: =+EDITABLE!B84 -> 0 | D79: =+EDITABLE!D84 -> 0 | E79: =+EDITABLE!E84 -> 0 | F79: =+EDITABLE!F84 -> 0 | G79: =+EDITABLE!G84 -> 0 | H79: =+EDITABLE!H84 -> 0 | I79: =+EDITABLE!I84 -> 0 | J79: =+EDITABLE!J84 -> 0 | K79: =+EDITABLE!K84 -> 0 | L79: =+EDITABLE!L84 -> 0
A80: =CONCATENATE(+EDITABLE!C85," ",H80) -> 0 | B80: =+EDITABLE!A85 | C80: =+EDITABLE!B85 -> 0 | D80: =+EDITABLE!D85 -> 0 | E80: =+EDITABLE!E85 -> 0 | F80: =+EDITABLE!F85 -> 0 | G80: =+EDITABLE!G85 -> 0 | H80: =+EDITABLE!H85 -> 0 | I80: =+EDITABLE!I85 -> 0 | J80: =+EDITABLE!J85 -> 0 | K80: =+EDITABLE!K85 -> 0 | L80: =+EDITABLE!L85 -> 0
A81: =CONCATENATE(+EDITABLE!C86," ",H81) -> 0 | B81: =+EDITABLE!A86 | C81: =+EDITABLE!B86 -> 0 | D81: =+EDITABLE!D86 -> 0 | E81: =+EDITABLE!E86 -> 0 | F81: =+EDITABLE!F86 -> 0 | G81: =+EDITABLE!G86 -> 0 | H81: =+EDITABLE!H86 -> 0 | I81: =+EDITABLE!I86 -> 0 | J81: =+EDITABLE!J86 -> 0 | K81: =+EDITABLE!K86 -> 0 | L81: =+EDITABLE!L86 -> 0
A82: =CONCATENATE(+EDITABLE!C88," ",H82) -> CPU AULA-E3 | B82: =+EDITABLE!A88 -> CPUAULA-E3 | C82: =+EDITABLE!B88 -> 1 | D82: =+EDITABLE!D88 -> NEGRO | E82: =+EDITABLE!E88 -> INS | F82: =+EDITABLE!F88 -> GENERICO | G82: =+EDITABLE!G88 -> 10020122019 | H82: =+EDITABLE!H88 -> AULA-E3 | I82: =+EDITABLE!I88 -> BUENO | J82: =+EDITABLE!J88 -> WINDOWS 8.1 ENTERPRISE, PROCESADOR: INTEL ® CORE TM i3-9100F CPU, 3.60 GHZ, RAM 4 GB, 64 BITS, INTERNET ALAMBRICO | K82: =+EDITABLE!K88 -> 250 | L82: =+EDITABLE!L88 -> 45288 | M82: 7
A83: =CONCATENATE(+EDITABLE!C89," ",H83) -> MOUSE AULA-E3 | B83: =+EDITABLE!A89 -> MOUSAULA-E3 | C83: =+EDITABLE!B89 -> 1 | D83: =+EDITABLE!D89 -> NEGRO/BLANCO | E83: =+EDITABLE!E89 -> HAVIC | F83: =+EDITABLE!F89 -> HV-M8000 | G83: =+EDITABLE!G89 -> MS11M8000XM04762 | H83: =+EDITABLE!H89 -> AULA-E3 | I83: =+EDITABLE!I89 -> BUENO | J83: =+EDITABLE!J89 -> ALAMBRICO, LED, DISEÑO ERGON+OMICO COMPACTO | K83: =+EDITABLE!K89 -> 6 | L83: =+EDITABLE!L89 -> 45288
A84: =CONCATENATE(+EDITABLE!C90," ",H84) -> TECLADO AULA-E3 | B84: =+EDITABLE!A90 -> TECLAULA-E3 | C84: =+EDITABLE!B90 -> 1 | D84: =+EDITABLE!D90 -> NEGRO | E84: =+EDITABLE!E90 -> INS | F84: =+EDITABLE!F90 -> GENERICO | G84: =+EDITABLE!G90 -> 420050902802 | H84: =+EDITABLE!H90 -> AULA-E3 | I84: =+EDITABLE!I90 -> BUENO | J84: =+EDITABLE!J90 -> ALAMBRICO, HERGONÓMICO, CONECTOR USB, CON TECLADO NUMÉRICO | K84: =+EDITABLE!K90 -> 16.7 | L84: =+EDITABLE!L90 -> 45288
A85: =CONCATENATE(+EDITABLE!C91," ",H85) -> PROYECTOR AULA-E3 | B85: =+EDITABLE!A91 -> PROYAULA-E3 | C85: =+EDITABLE!B91 -> 1 | D85: =+EDITABLE!D91 -> BLANCO | E85: =+EDITABLE!E91 -> VIEWSONIC | F85: =+EDITABLE!F91 -> PA503S | G85: =+EDITABLE!G91 -> VOR231704317 | H85: =+EDITABLE!H91 -> AULA-E3 | I85: =+EDITABLE!I91 -> BUENO | J85: =+EDITABLE!J91 -> CON PEDESTAL, CABLE HDMI DE 15 m. Y CABLE DE ENERGIA | K85: =+EDITABLE!K91 -> 582.72 | L85: =+EDITABLE!L91 -> 45288
A86: =CONCATENATE(+EDITABLE!C92," ",H86) -> CONTROL PROYECTOR AULA-E3 | B86: =+EDITABLE!A92 -> CONTAULA-E3 | C86: =+EDITABLE!B92 -> 1 | D86: =+EDITABLE!D92 -> BLANCO | E86: =+EDITABLE!E92 -> VIEWSONIC | F86: =+EDITABLE!F92 -> Q-3101 | G86: =+EDITABLE!G92 -> S/S | H86: =+EDITABLE!H92 -> AULA-E3 | I86: =+EDITABLE!I92 -> BUENO | J86: =+EDITABLE!J92 -> 2 PILAS AAA | K86: =+EDITABLE!K92 -> 10 | L86: =+EDITABLE!L92 -> 45288
A87: =CONCATENATE(+EDITABLE!C93," ",H87) -> PARLANTES AULA-E3 | B87: =+EDITABLE!A93 -> PARLAULA-E3 | C87: =+EDITABLE!B93 -> 1 | D87: =+EDITABLE!D93 -> NEGRO | E87: =+EDITABLE!E93 -> GENERICO | F87: =+EDITABLE!F93 -> S/M | G87: =+EDITABLE!G93 -> S/S | H87: =+EDITABLE!H93 -> AULA-E3 | I87: =+EDITABLE!I93 -> BUENO | J87: =+EDITABLE!J93 -> CON SOPORTE AEREO, CABLE DE SONIO Y CABLE DE ENERGIA, 1 BAJO Y DOS TWITER | K87: =+EDITABLE!K93 -> 39.2 | L87: =+EDITABLE!L93 -> 45288
A88: =CONCATENATE(+EDITABLE!C94," ",H88) -> CAMARA VIDEO VIGILANCIA AULA-E3 | B88: =+EDITABLE!A94 -> CAMAAULA-E3 | C88: =+EDITABLE!B94 -> 1 | D88: =+EDITABLE!D94 -> BLANCO | E88: =+EDITABLE!E94 -> HIKVISION | F88: =+EDITABLE!F94 -> S/M | G88: =+EDITABLE!G94 -> S/S | H88: =+EDITABLE!H94 -> AULA-E3 | I88: =+EDITABLE!I94 -> BUENO | J88: =+EDITABLE!J94 -> CONECTADA AL DVR Y VISION EN MOVIL Y CUARTO DE RED | K88: =+EDITABLE!K94 -> 25 | L88: =+EDITABLE!L94 -> 45288
A89: =CONCATENATE(+EDITABLE!C95," ",H89) -> 0 | B89: =+EDITABLE!A95 | C89: =+EDITABLE!B95 -> 0 | D89: =+EDITABLE!D95 -> 0 | E89: =+EDITABLE!E95 -> 0 | F89: =+EDITABLE!F95 -> 0 | G89: =+EDITABLE!G95 -> 0 | H89: =+EDITABLE!H95 -> 0 | I89: =+EDITABLE!I95 -> 0 | J89: =+EDITABLE!J95 -> 0 | K89: =+EDITABLE!K95 -> 0 | L89: =+EDITABLE!L95 -> 0
A90: =CONCATENATE(+EDITABLE!C96," ",H90) -> 0 | B90: =+EDITABLE!A96 | C90: =+EDITABLE!B96 -> 0 | D90: =+EDITABLE!D96 -> 0 | E90: =+EDITABLE!E96 -> 0 | F90: =+EDITABLE!F96 -> 0 | G90: =+EDITABLE!G96 -> 0 | H90: =+EDITABLE!H96 -> 0 | I90: =+EDITABLE!I96 -> 0 | J90: =+EDITABLE!J96 -> 0 | K90: =+EDITABLE!K96 -> 0 | L90: =+EDITABLE!L96 -> 0
A91: =CONCATENATE(+EDITABLE!C97," ",H91) -> 0 | B91: =+EDITABLE!A97 | C91: =+EDITABLE!B97 -> 0 | D91: =+EDITABLE!D97 -> 0 | E91: =+EDITABLE!E97 -> 0 | F91: =+EDITABLE!F97 -> 0 | G91: =+EDITABLE!G97 -> 0 | H91: =+EDITABLE!H97 -> 0 | I91: =+EDITABLE!I97 -> 0 | J91: =+EDITABLE!J97 -> 0 | K91: =+EDITABLE!K97 -> 0 | L91: =+EDITABLE!L97 -> 0
A92: =CONCATENATE(+EDITABLE!C99," ",H92) -> CAMARA VIDEO VIGILANCIA SALON DE ACTOS | B92: =+EDITABLE!A99 -> CAMASALON DE | C92: =+EDITABLE!B99 -> 1 | D92: =+EDITABLE!D99 -> BLANCO | E92: =+EDITABLE!E99 -> GENERICA | F92: =+EDITABLE!F99 -> GENERICO | G92: =+EDITABLE!G99 -> GENERICA | H92: =+EDITABLE!H99 -> SALON DE ACTOS | I92: =+EDITABLE!I99 -> BUENO | J92: =+EDITABLE!J99 -> VISION EN MOVIL GIRATORIA, CON ALARMA | K92: =+EDITABLE!K99 -> 25 | L92: =+EDITABLE!L99 -> 44841 | M92: 8
A93: =CONCATENATE(+EDITABLE!C100," ",H93) -> MODEM WIFI SALON DE ACTOS | B93: =+EDITABLE!A100 -> MODESALON DE | C93: =+EDITABLE!B100 -> 1 | D93: =+EDITABLE!D100 -> BLANCO | E93: =+EDITABLE!E100 -> TP-LINK | F93: =+EDITABLE!F100 -> TL-WR841N(ES) | G93: =+EDITABLE!G100 -> 220C292002527 | H93: =+EDITABLE!H100 -> SALON DE ACTOS | I93: =+EDITABLE!I100 -> BUENO | J93: =+EDITABLE!J100 -> DOS ANTENAS, 5 PUERTOS RJ45 | K93: =+EDITABLE!K100 -> 80 | L93: =+EDITABLE!L100 -> 44636
A94: =CONCATENATE(+EDITABLE!C101," ",H94) -> 0 | B94: =+EDITABLE!A101 | C94: =+EDITABLE!B101 -> 0 | D94: =+EDITABLE!D101 -> 0 | E94: =+EDITABLE!E101 -> 0 | F94: =+EDITABLE!F101 -> 0 | G94: =+EDITABLE!G101 -> 0 | H94: =+EDITABLE!H101 -> 0 | I94: =+EDITABLE!I101 -> 0 | J94: =+EDITABLE!J101 -> 0 | K94: =+EDITABLE!K101 -> 0 | L94: =+EDITABLE!L101 -> 0
A95: =CONCATENATE(+EDITABLE!C102," ",H95) -> 0 | B95: =+EDITABLE!A102 | C95: =+EDITABLE!B102 -> 0 | D95: =+EDITABLE!D102 -> 0 | E95: =+EDITABLE!E102 -> 0 | F95: =+EDITABLE!F102 -> 0 | G95: =+EDITABLE!G102 -> 0 | H95: =+EDITABLE!H102 -> 0 | I95: =+EDITABLE!I102 -> 0 | J95: =+EDITABLE!J102 -> 0 | K95: =+EDITABLE!K102 -> 0 | L95: =+EDITABLE!L102 -> 0
A96: =CONCATENATE(+EDITABLE!C103," ",H96) -> 0 | B96: =+EDITABLE!A103 | C96: =+EDITABLE!B103 -> 0 | D96: =+EDITABLE!D103 -> 0 | E96: =+EDITABLE!E103 -> 0 | F96: =+EDITABLE!F103 -> 0 | G96: =+EDITABLE!G103 -> 0 | H96: =+EDITABLE!H103 -> 0 | I96: =+EDITABLE!I103 -> 0 | J96: =+EDITABLE!J103 -> 0 | K96: =+EDITABLE!K103 -> 0 | L96: =+EDITABLE!L103 -> 0
A97: =CONCATENATE(+EDITABLE!C105," ",H97) -> MINI CPU NUC PSICOSENSOMÉTRICO 1 | B97: =+EDITABLE!A105 -> MINIPSICOSEN | C97: =+EDITABLE!B105 -> 1 | D97: =+EDITABLE!D105 -> NEGRO | E97: =+EDITABLE!E105 -> INTEL | F97: =+EDITABLE!F105 -> G6AY109001VH | G97: =+EDITABLE!G105 -> PROYECT CODE NUC6CAYH | H97: =+EDITABLE!H105 -> PSICOSENSOMÉTRICO 1 | I97: =+EDITABLE!I105 -> BUENO | J97: =+EDITABLE!J105 -> CONECTADO TODOS LOS DISPOSITIVOS DEL EQUIPO E INSTALADO EL SOFTWARE PARA PRUEBAS DEL BIOMÉTRICO | K97: =+EDITABLE!K105 -> 7840 | L97: =+EDITABLE!L105 -> 45342 | M97: 9
A98: =CONCATENATE(+EDITABLE!C106," ",H98) -> MONITOR PSICOSENSOMÉTRICO 1 | B98: =+EDITABLE!A106 -> MONIPSICOSEN | C98: =+EDITABLE!B106 -> 1 | D98: =+EDITABLE!D106 -> NEGRO | E98: =+EDITABLE!E106 -> LG | F98: =+EDITABLE!F106 -> 20MK400H-B | G98: =+EDITABLE!G106 -> 012NTCZDP579 | H98: =+EDITABLE!H106 -> PSICOSENSOMÉTRICO 1 | I98: =+EDITABLE!I106 -> BUENO | J98: =+EDITABLE!J106 -> 19" PARA VISUALIZACIÓN DE DATOS DEL USUARIO | K98: =+EDITABLE!K106 -> 0 | L98: =+EDITABLE!L106 -> 45342
A99: =CONCATENATE(+EDITABLE!C107," ",H99) -> MONITOR PSICOSENSOMÉTRICO 1 | B99: =+EDITABLE!A107 -> MONIPSICOSEN | C99: =+EDITABLE!B107 -> 1 | D99: =+EDITABLE!D107 -> NEGRO | E99: =+EDITABLE!E107 -> LG | F99: =+EDITABLE!F107 -> 20MK400H-B | G99: =+EDITABLE!G107 -> 012NTFADP643 | H99: =+EDITABLE!H107 -> PSICOSENSOMÉTRICO 1 | I99: =+EDITABLE!I107 -> BUENO | J99: =+EDITABLE!J107 -> 19" PARA VISUALIZACIÓN DE DATOS DEL EXAMINADOR | K99: =+EDITABLE!K107 -> 0 | L99: =+EDITABLE!L107 -> 45342
A100: =CONCATENATE(+EDITABLE!C108," ",H100) -> MOUSE PSICOSENSOMÉTRICO 1 | B100: =+EDITABLE!A108 -> MOUSPSICOSEN | C100: =+EDITABLE!B108 -> 1 | D100: =+EDITABLE!D108 -> NEGRO | E100: =+EDITABLE!E108 -> QUASAD | F100: =+EDITABLE!F108 -> QKM-5100G | G100: =+EDITABLE!G108 -> GENÉRICO | H100: =+EDITABLE!H108 -> PSICOSENSOMÉTRICO 1 | I100: =+EDITABLE!I108 -> BUENO | J100: =+EDITABLE!J108 -> MOUSE WIRELESS 1.5V, INALAMBRICO | K100: =+EDITABLE!K108 -> 0 | L100: =+EDITABLE!L108 -> 45342
A101: =CONCATENATE(+EDITABLE!C109," ",H101) -> HUB USB PSICOSENSOMÉTRICO 1 | B101: =+EDITABLE!A109 -> HUB PSICOSEN | C101: =+EDITABLE!B109 -> 1 | D101: =+EDITABLE!D109 -> BLANCO | E101: =+EDITABLE!E109 -> INS | F101: =+EDITABLE!F109 -> GENÉRICO | G101: =+EDITABLE!G109 -> GENÉRICO | H101: =+EDITABLE!H109 -> PSICOSENSOMÉTRICO 1 | I101: =+EDITABLE!I109 -> BUENO | J101: =+EDITABLE!J109 -> DOS PUERTOS HABILITADOS | K101: =+EDITABLE!K109 -> 0 | L101: =+EDITABLE!L109 -> 45342
A102: =CONCATENATE(+EDITABLE!C110," ",H102) -> REGULADOR DE VOLTAJE PSICOSENSOMÉTRICO 1 | B102: =+EDITABLE!A110 -> REGUPSICOSEN | C102: =+EDITABLE!B110 -> 1 | D102: =+EDITABLE!D110 -> NEGRO | E102: =+EDITABLE!E110 -> SPEEDMEEN | F102: =+EDITABLE!F110 -> SMREG 1200W | G102: =+EDITABLE!G110 -> 20REG1200021022 | H102: =+EDITABLE!H110 -> PSICOSENSOMÉTRICO 1 | I102: =+EDITABLE!I110 -> BUENO | J102: =+EDITABLE!J110 -> DE 8 TOMAS, 120V-60HZ Y DOS TOMAS RJ11 PARA TELÉFONO | K102: =+EDITABLE!K110 -> 0 | L102: =+EDITABLE!L110 -> 45342
A103: =CONCATENATE(+EDITABLE!C111," ",H103) -> TECLADO PSICOSENSOMÉTRICO 1 | B103: =+EDITABLE!A111 -> TECLPSICOSEN | C103: =+EDITABLE!B111 -> 1 | D103: =+EDITABLE!D111 -> NEGRO | E103: =+EDITABLE!E111 -> QUASAD | F103: =+EDITABLE!F111 -> QKM-5100G | G103: =+EDITABLE!G111 -> GENERICO | H103: =+EDITABLE!H111 -> PSICOSENSOMÉTRICO 1 | I103: =+EDITABLE!I111 -> BUENO | J103: =+EDITABLE!J111 -> TECLADO WIRELESS | K103: =+EDITABLE!K111 -> 0 | L103: =+EDITABLE!L111 -> 45342
A104: =CONCATENATE(+EDITABLE!C112," ",H104) -> VISIÓMETRO PSICOSENSOMÉTRICO 1 | B104: =+EDITABLE!A112 -> VISIPSICOSEN | C104: =+EDITABLE!B112 -> 1 | D104: =+EDITABLE!D112 -> BLANCO-NEGRO | E104: =+EDITABLE!E112 -> AdMRtEST Drive | F104: =+EDITABLE!F112 -> 1V2015mm | G104: =+EDITABLE!G112 -> 19711983201241 | H104: =+EDITABLE!H112 -> PSICOSENSOMÉTRICO 1 | I104: =+EDITABLE!I112 -> BUENO | J104: =+EDITABLE!J112 -> PARA EXAMEN VISUAL, CON CABLE DE DATOS | K104: =+EDITABLE!K112 -> 0 | L104: =+EDITABLE!L112 -> 45342
A105: =CONCATENATE(+EDITABLE!C113," ",H105) -> CONSOLA PSICOSENSOMÉTRICO 1 | B105: =+EDITABLE!A113 -> CONSPSICOSEN | C105: =+EDITABLE!B113 -> 1 | D105: =+EDITABLE!D113 -> GRIS-NEGRO | E105: =+EDITABLE!E113 -> AdMRtEST Drive | F105: =+EDITABLE!F113 -> S/M | G105: =+EDITABLE!G113 -> 19711983201741 | H105: =+EDITABLE!H113 -> PSICOSENSOMÉTRICO 1 | I105: =+EDITABLE!I113 -> BUENO | J105: =+EDITABLE!J113 -> PARA PRUEBAS DE MOTRICIDAD Y AUDITIVAS CON 2 CABLES DE DATOS | K105: =+EDITABLE!K113 -> 0 | L105: =+EDITABLE!L113 -> 45342
A106: =CONCATENATE(+EDITABLE!C114," ",H106) -> PEDALERA PSICOSENSOMÉTRICO 1 | B106: =+EDITABLE!A114 -> PEDAPSICOSEN | C106: =+EDITABLE!B114 -> 1 | D106: =+EDITABLE!D114 -> GRIS-AMARILLO | E106: =+EDITABLE!E114 -> AdMRtEST Drive | F106: =+EDITABLE!F114 -> S/M | G106: =+EDITABLE!G114 -> 1971983201741 | H106: =+EDITABLE!H114 -> PSICOSENSOMÉTRICO 1 | I106: =+EDITABLE!I114 -> BUENO | J106: =+EDITABLE!J114 -> PARA PRUEBAS DE MOTRICIDAD, CABLE DE DATOS | K106: =+EDITABLE!K114 -> 0 | L106: =+EDITABLE!L114 -> 45342
A107: =CONCATENATE(+EDITABLE!C115," ",H107) -> AUDIFONOS PSICOSENSOMÉTRICO 1 | B107: =+EDITABLE!A115 -> AUDIPSICOSEN | C107: =+EDITABLE!B115 -> 1 | D107: =+EDITABLE!D115 -> NEGRO | E107: =+EDITABLE!E115 -> AdMRtEST Drive | F107: =+EDITABLE!F115 -> HD280PRO | G107: =+EDITABLE!G115 -> 5390 | H107: =+EDITABLE!H115 -> PSICOSENSOMÉTRICO 1 | I107: =+EDITABLE!I115 -> BUENO | J107: =+EDITABLE!J115 -> PARA PRUEBAS AUDITIVAS, CON CABLE DE AUDIO | K107: =+EDITABLE!K115 -> 0 | L107: =+EDITABLE!L115 -> 45342
A108: =CONCATENATE(+EDITABLE!C116," ",H108) -> IMPRESORA PSICOSENSOMÉTRICO 1 | B108: =+EDITABLE!A116 -> IMPRPSICOSEN | C108: =+EDITABLE!B116 -> 1 | D108: =+EDITABLE!D116 -> NEGRO | E108: =+EDITABLE!E116 -> EPSON | F108: =+EDITABLE!F116 -> L3110 | G108: =+EDITABLE!G116 -> X644665316 | H108: =+EDITABLE!H116 -> PSICOSENSOMÉTRICO 1 | I108: =+EDITABLE!I116 -> BUENO | J108: =+EDITABLE!J116 -> DE TINTA CONTINUA A COLORES | K108: =+EDITABLE!K116 -> 0 | L108: =+EDITABLE!L116 -> 45342
A109: =CONCATENATE(+EDITABLE!C117," ",H109) -> CAMARA WEB PSICOSENSOMÉTRICO 1 | B109: =+EDITABLE!A117 -> CAMAPSICOSEN | C109: =+EDITABLE!B117 -> 1 | D109: =+EDITABLE!D117 -> ROJA | E109: =+EDITABLE!E117 -> SPEDMEND | F109: =+EDITABLE!F117 -> SM07W159 | G109: =+EDITABLE!G117 -> S/S | H109: =+EDITABLE!H117 -> PSICOSENSOMÉTRICO 1 | I109: =+EDITABLE!I117 -> BUENO | J109: =+EDITABLE!J117 -> PARA TOMAR LAS FOTOGRAFIAS A LOS EXAMINADOS | K109: =+EDITABLE!K117 -> 0 | L109: =+EDITABLE!L117 -> 45342
... A114: =CONCATENATE(+EDITABLE!C122," ",H114) -> 0 | B114: =+EDITABLE!A122 | C114: =+EDITABLE!B122 -> 0 | D114: =+EDITABLE!D122 -> 0 | E114: =+EDITABLE!E122 -> 0 | F114: =+EDITABLE!F122 -> 0 | G114: =+EDITABLE!G122 -> 0 | H114: =+EDITABLE!H122 -> 0 | I114: =+EDITABLE!I122 -> 0 | J114: =+EDITABLE!J122 -> 0 | K114: =+EDITABLE!K122 -> 0 | L114: =+EDITABLE!L122 -> 0
A115: =CONCATENATE(+EDITABLE!C124," ",H115) -> MINI CPU NUC PSICOSENSOMÉTRICO 2 | B115: =+EDITABLE!A124 -> MINIPSICOSEN | C115: =+EDITABLE!B124 -> 1 | D115: =+EDITABLE!D124 -> NEGRO | E115: =+EDITABLE!E124 -> INTEL | F115: =+EDITABLE!F124 -> G6AY747007NN | G115: =+EDITABLE!G124 -> PROYECT CODE NUC6CAYH | H115: =+EDITABLE!H124 -> PSICOSENSOMÉTRICO 2 | I115: =+EDITABLE!I124 -> BUENO | J115: =+EDITABLE!J124 -> CONECTADO TODOS LOS DISPOSITIVOS DEL EQUIPO E INSTALADO EL SOFTWARE PARA PRUEBAS DEL BIOMÉTRICO | K115: =+EDITABLE!K124 -> 15680 | L115: =+EDITABLE!L124 -> 45338 | M115: 10
...

Sheet TODO_COD
A12: =+EDITABLE!$A$12 -> CODIGO | B12: =+EDITABLE!$B$12 -> CANTIDAD | C12: =+EDITABLE!$C$12 -> PRODUCTO | D12: =+EDITABLE!$D$12 -> COLOR | E12: =+EDITABLE!$E$12 -> MARCA | F12: =+EDITABLE!$F$12 -> MODELO | G12: =+EDITABLE!$G$12 -> SERIE | H12: =+EDITABLE!$H$12 -> UBICACIÓN | I12: =+EDITABLE!$I$12 -> ESTADO | J12: =+EDITABLE!$J$12 -> CARACTERISTICAS | K12: =+EDITABLE!$K$12 -> COSTO | L12: FECHA
A13: =+EDITABLE!A13 -> CPUAULA-C1 | B13: =+EDITABLE!B13 -> 1 | C13: =+EDITABLE!C13 -> CPU | D13: =+EDITABLE!D13 -> NEGRO | E13: =+EDITABLE!E13 -> INS | F13: =+EDITABLE!F13 -> GENERICO | G13: =+EDITABLE!G13 -> 91225062019 | H13: =+EDITABLE!H13 -> AULA-C1 | ... L13: =+EDITABLE!L13 -> 45288 | M13: 1
A14: =+EDITABLE!A14 -> MONIAULA-C1 | B14: =+EDITABLE!B14 -> 1 | C14: =+EDITABLE!C14 -> MONITOR | D14: =+EDITABLE!D14 -> NEGRO | E14: =+EDITABLE!E14 -> LG | F14: =+EDITABLE!F14 -> 20MK400H-B | G14: =+EDITABLE!G14 -> 911NTHM1T121 | H14: =+EDITABLE!H14 -> AULA-C1 | ... L14: =+EDITABLE!L14 -> 45288
A15: =+EDITABLE!A15 -> MOUSAULA-C1 | B15: =+EDITABLE!B15 -> 1 | C15: =+EDITABLE!C15 -> MOUSE | D15: =+EDITABLE!D15 -> NEGRO | E15: =+EDITABLE!E15 -> GENERICO | F15: =+EDITABLE!F15 -> 5V-100MA | G15: =+EDITABLE!G15 -> S/S | H15: =+EDITABLE!H15 -> AULA-C1 | ... L15: =+EDITABLE!L15 -> 45288
A16: =+EDITABLE!A16 -> TECLAULA-C1 | B16: =+EDITABLE!B16 -> 1 | C16: =+EDITABLE!C16 -> TECLADO | D16: =+EDITABLE!D16 -> NEGRO | E16: =+EDITABLE!E16 -> INS | F16: =+EDITABLE!F16 -> S/M | G16: =+EDITABLE!G16 -> S/S | H16: =+EDITABLE!H16 -> AULA-C1 | ... L16: =+EDITABLE!L16 -> 45288
A17: =+EDITABLE!A17 -> PROYAULA-C1 | B17: =+EDITABLE!B17 -> 1 | C17: =+EDITABLE!C17 -> PROYECTOR | D17: =+EDITABLE!D17 -> NEGRO | E17: =+EDITABLE!E17 -> EPSON | F17: =+EDITABLE!F17 -> POWER LITE S12+ | G17: =+EDITABLE!G17 -> PSPK3401963 | H17: =+EDITABLE!H17 -> AULA-C1 | ... L17: =+EDITABLE!L17 -> 45288
A18: =+EDITABLE!A18 -> PARLAULA-C1 | B18: =+EDITABLE!B18 -> 1 | C18: =+EDITABLE!C18 -> PARLANTES | D18: =+EDITABLE!D18 -> NEGRO | E18: =+EDITABLE!E18 -> KLIP EXTREME | F18: =+EDITABLE!F18 -> KSS-710 | G18: =+EDITABLE!G18 -> 13-11580 | H18: =+EDITABLE!H18 -> AULA-C1 | ... L18: =+EDITABLE!L18 -> 45288
A19: =+EDITABLE!A19 -> CAMAAULA-C1 | B19: =+EDITABLE!B19 -> 1 | C19: =+EDITABLE!C19 -> CAMARA VIDEO VIGILANCIA | D19: =+EDITABLE!D19 -> BLANCO | E19: =+EDITABLE!E19 -> HIKVISION | F19: =+EDITABLE!F19 -> S/M | G19: =+EDITABLE!G19 -> S/S | H19: =+EDITABLE!H19 -> AULA-C1 | ... L19: =+EDITABLE!L19 -> 44841
A20: =+EDITABLE!A20 -> SENSAULA-C1 | B20: =+EDITABLE!B20 -> 1 | C20: =+EDITABLE!C20 -> SENSOR DE ALARMA | D20: =+EDITABLE!D20 -> BLANCO | E20: =+EDITABLE!E20 -> DSC | F20: =+EDITABLE!F20 -> LC-100PI | G20: =+EDITABLE!G20 -> 88030080 | H20: =+EDITABLE!H20 -> AULA-C1 | ... L20: =+EDITABLE!L20 -> 44841
A21: =+EDITABLE!A21 | B21: =+EDITABLE!B21 -> 0 | C21: =+EDITABLE!C21 -> 0 | D21: =+EDITABLE!D21 -> 0 | E21: =+EDITABLE!E21 -> 0 | F21: =+EDITABLE!F21 -> 0 | G21: =+EDITABLE!G21 -> 0 | H21: =+EDITABLE!H21 -> 0 | ... L21: =+EDITABLE!L21 -> 0
A22: =+EDITABLE!A22 | B22: =+EDITABLE!B22 -> 0 | C22: =+EDITABLE!C22 -> 0 | D22: =+EDITABLE!D22 -> 0 | E22: =+EDITABLE!E22 -> 0 | F22: =+EDITABLE!F22 -> 0 | G22: =+EDITABLE!G22 -> 0 | H22: =+EDITABLE!H22 -> 0 | ... L22: =+EDITABLE!L22 -> 0
A23: =+EDITABLE!A23 | B23: =+EDITABLE!B23 -> 0 | C23: =+EDITABLE!C23 -> 0 | D23: =+EDITABLE!D23 -> 0 | E23: =+EDITABLE!E23 -> 0 | F23: =+EDITABLE!F23 -> 0 | G23: =+EDITABLE!G23 -> 0 | H23: =+EDITABLE!H23 -> 0 | ... L23: =+EDITABLE!L23 -> 0
A24: =+EDITABLE!A25 -> CPUAULA-C2 | B24: =+EDITABLE!B25 -> 1 | C24: =+EDITABLE!C25 -> CPU | D24: =+EDITABLE!D25 -> NEGRO | E24: =+EDITABLE!E25 -> INS | F24: =+EDITABLE!F25 -> GENERICO | G24: =+EDITABLE!G25 -> 91225062019 | H24: =+EDITABLE!H25 -> AULA-C2 | ... L24: =+EDITABLE!L25 -> 45288 | M24: 2
A25: =+EDITABLE!A26 -> MONIAULA-C2 | B25: =+EDITABLE!B26 -> 1 | C25: =+EDITABLE!C26 -> MONITOR | D25: =+EDITABLE!D26 -> NEGRO | E25: =+EDITABLE!E26 -> LG | F25: =+EDITABLE!F26 -> 20MK400H-B | G25: =+EDITABLE!G26 -> 911NTNH1S119 | H25: =+EDITABLE!H26 -> AULA-C2 | ... L25: =+EDITABLE!L26 -> 45288
A26: =+EDITABLE!A27 -> MOUSAULA-C2 | B26: =+EDITABLE!B27 -> 1 | C26: =+EDITABLE!C27 -> MOUSE | D26: =+EDITABLE!D27 -> NEGRO | E26: =+EDITABLE!E27 -> GENIUS | F26: =+EDITABLE!F27 -> GM-04011P | G26: =+EDITABLE!G27 -> 124430707394 | H26: =+EDITABLE!H27 -> AULA-C2 | ... L26: =+EDITABLE!L27 -> 45288
A27: =+EDITABLE!A28 -> TECLAULA-C2 | B27: =+EDITABLE!B28 -> 1 | C27: =+EDITABLE!C28 -> TECLADO | D27: =+EDITABLE!D28 -> NEGRO | E27: =+EDITABLE!E28 -> INS | F27: =+EDITABLE!F28 -> S/M | G27: =+EDITABLE!G28 -> S/S | H27: =+EDITABLE!H28 -> AULA-C2 | ... L27: =+EDITABLE!L28 -> 45288
A28: =+EDITABLE!A29 -> PROYAULA-C2 | B28: =+EDITABLE!B29 -> 1 | C28: =+EDITABLE!C29 -> PROYECTOR | D28: =+EDITABLE!D29 -> NEGRO | E28: =+EDITABLE!E29 -> EPSON | F28: =+EDITABLE!F29 -> POWER LITE S12+ | G28: =+EDITABLE!G29 -> PSPK3401919 | H28: =+EDITABLE!H29 -> AULA-C2 | ... L28: =+EDITABLE!L29 -> 45288
A29: =+EDITABLE!A30 -> PARLAULA-C2 | B29: =+EDITABLE!B30 -> 1 | C29: =+EDITABLE!C30 -> PARLANTES | D29: =+EDITABLE!D30 -> NEGRO | E29: =+EDITABLE!E30 -> KLIP EXTREME | F29: =+EDITABLE!F30 -> KSS-710 | G29: =+EDITABLE!G30 -> 13-1158005 | H29: =+EDITABLE!H30 -> AULA-C2 | ... L29: =+EDITABLE!L30 -> 45288
A30: =+EDITABLE!A31 -> CAMAAULA-C2 | B30: =+EDITABLE!B31 -> 1 | C30: =+EDITABLE!C31 -> CAMARA VIDEO VIGILANCIA | D30: =+EDITABLE!D31 -> BLANCO | E30: =+EDITABLE!E31 -> HIKVISION | F30: =+EDITABLE!F31 -> S/M | G30: =+EDITABLE!G31 -> S/S | H30: =+EDITABLE!H31 -> AULA-C2 | ... L30: =+EDITABLE!L31 -> 44841
A31: =+EDITABLE!A32 -> SENSAULA-C2 | B31: =+EDITABLE!B32 -> 1 | C31: =+EDITABLE!C32 -> SENSOR DE ALARMA | D31: =+EDITABLE!D32 -> BLANCO | E31: =+EDITABLE!E32 -> DSC | F31: =+EDITABLE!F32 -> LC-100PI | G31: =+EDITABLE!G32 -> 88030080 | H31: =+EDITABLE!H32 -> AULA-C2 | ... L31: =+EDITABLE!L32 -> 44841
A32: =+EDITABLE!A33 -> SWITAULA-C2 | B32: =+EDITABLE!B33 -> 1 | C32: =+EDITABLE!C33 -> SWITCH DE INTERNET | D32: =+EDITABLE!D33 -> AZUL | E32: =+EDITABLE!E33 -> T-PLINK | F32: =+EDITABLE!F33 -> TN-SG108 | G32: =+EDITABLE!G33 -> 22361E5003891 | H32: =+EDITABLE!H33 -> AULA-C2 | ... L32: =+EDITABLE!L33 -> 45288
A33: =+EDITABLE!A34 -> REGUAULA-C2 | B33: =+EDITABLE!B34 -> 1 | C33: =+EDITABLE!C34 -> REGULADOR DE VOLTAJE | D33: =+EDITABLE!D34 -> NEGRO | E33: =+EDITABLE!E34 -> INS | F33: =+EDITABLE!F34 -> AVR-INS2000VA | G33: =+EDITABLE!G34 -> 19C04206300 | H33: =+EDITABLE!H34 -> AULA-C2 | ... L33: =+EDITABLE!L34 -> 45288
A34: =+EDITABLE!A35 | B34: =+EDITABLE!B35 -> 0 | C34: =+EDITABLE!C35 -> 0 | D34: =+EDITABLE!D35 -> 0 | E34: =+EDITABLE!E35 -> 0 | F34: =+EDITABLE!F35 -> 0 | G34: =+EDITABLE!G35 -> 0 | H34: =+EDITABLE!H35 -> 0 | ... L34: =+EDITABLE!L35 -> 0
B35: =+EDITABLE!B36 -> 0 | C35: =+EDITABLE!C36 -> 0 | D35: =+EDITABLE!D36 -> 0 | E35: =+EDITABLE!E36 -> 0 | F35: =+EDITABLE!F36 -> 0 | G35: =+EDITABLE!G36 -> 0 | H35: =+EDITABLE!H36 -> 0 | I35: =+EDITABLE!I36 -> 0 | ... L35: =+EDITABLE!L36 -> 0
A36: =+EDITABLE!A36 | B36: =+EDITABLE!B37 -> 0 | C36: =+EDITABLE!C37 -> 0 | D36: =+EDITABLE!D37 -> 0 | E36: =+EDITABLE!E37 -> 0 | F36: =+EDITABLE!F37 -> 0 | G36: =+EDITABLE!G37 -> 0 | H36: =+EDITABLE!H37 -> 0 | I36: =+EDITABLE!I37 -> 0 | ... L36: =+EDITABLE!L37 -> 0
A37: =+EDITABLE!A39 -> CPUAULA-C3 | B37: =+EDITABLE!B39 -> 1 | C37: =+EDITABLE!C39 -> CPU | D37: =+EDITABLE!D39 -> NEGRO | E37: =+EDITABLE!E39 -> DELUX | F37: =+EDITABLE!F39 -> S/M | G37: =+EDITABLE!G39 -> S/S | H37: =+EDITABLE!H39 -> AULA-C3 | ... L37: =+EDITABLE!L39 -> 45288 | M37: 3
A38: =+EDITABLE!A40 -> MONIAULA-C3 | B38: =+EDITABLE!B40 -> 1 | C38: =+EDITABLE!C40 -> MONITOR | D38: =+EDITABLE!D40 -> NEGRO | E38: =+EDITABLE!E40 -> HP | F38: =+EDITABLE!F40 -> HPLV1911 | G38: =+EDITABLE!G40 -> 6CM213011T | H38: =+EDITABLE!H40 -> AULA-C3 | ... L38: =+EDITABLE!L40 -> 45288
A39: =+EDITABLE!A41 -> MOUSAULA-C3 | B39: =+EDITABLE!B41 -> 1 | C39: =+EDITABLE!C41 -> MOUSE | D39: =+EDITABLE!D41 -> NEGRO, TRASPARENTE | E39: =+EDITABLE!E41 -> INS | F39: =+EDITABLE!F41 -> S/M | G39: =+EDITABLE!G41 -> S/S | H39: =+EDITABLE!H41 -> AULA-C3 | ... L39: =+EDITABLE!L41 -> 45288
A40: =+EDITABLE!A42 -> TECLAULA-C3 | B40: =+EDITABLE!B42 -> 1 | C40: =+EDITABLE!C42 -> TECLADO | D40: =+EDITABLE!D42 -> NEGRO | E40: =+EDITABLE!E42 -> GENERICO | F40: =+EDITABLE!F42 -> S/M | G40: =+EDITABLE!G42 -> S/S | H40: =+EDITABLE!H42 -> AULA-C3 | ... L40: =+EDITABLE!L42 -> 45288
A41: =+EDITABLE!A43 -> PROYAULA-C3 | B41: =+EDITABLE!B43 -> 1 | C41: =+EDITABLE!C43 -> PROYECTOR | D41: =+EDITABLE!D43 -> NEGRO | E41: =+EDITABLE!E43 -> EPSON | F41: =+EDITABLE!F43 -> POWER LITE S12+ | G41: =+EDITABLE!G43 -> PSPK2308028 | H41: =+EDITABLE!H43 -> AULA-C3 | ... L41: =+EDITABLE!L43 -> 45288
A42: =+EDITABLE!A44 -> PARLAULA-C3 | B42: =+EDITABLE!B44 -> 1 | C42: =+EDITABLE!C44 -> PARLANTES | D42: =+EDITABLE!D44 -> NEGRO | E42: =+EDITABLE!E44 -> KLIP EXTREME | F42: =+EDITABLE!F44 -> KSS-710 | G42: =+EDITABLE!G44 -> 13-11580 | H42: =+EDITABLE!H44 -> AULA-C3 | ... L42: =+EDITABLE!L44 -> 45288
A43: =+EDITABLE!A45 -> CAMAAULA-C3 | B43: =+EDITABLE!B45 -> 1 | C43: =+EDITABLE!C45 -> CAMARA VIDEO VIGILANCIA | D43: =+EDITABLE!D45 -> BLANCO | E43: =+EDITABLE!E45 -> HIKVISION | F43: =+EDITABLE!F45 -> S/M | G43: =+EDITABLE!G45 -> S/S | H43: =+EDITABLE!H45 -> AULA-C3 | ... L43: =+EDITABLE!L45 -> 44841
A44: =+EDITABLE!A46 -> SENSAULA-C3 | B44: =+EDITABLE!B46 -> 1 | C44: =+EDITABLE!C46 -> SENSOR DE ALARMA | D44: =+EDITABLE!D46 -> BLANCO | E44: =+EDITABLE!E46 -> DSC | F44: =+EDITABLE!F46 -> LC-100PI | G44: =+EDITABLE!G46 -> 88030080 | H44: =+EDITABLE!H46 -> AULA-C3 | ... L44: =+EDITABLE!L46 -> 44841
A45: =+EDITABLE!A47 | B45: =+EDITABLE!B47 -> 0 | C45: =+EDITABLE!C47 -> 0 | D45: =+EDITABLE!D47 -> 0 | E45: =+EDITABLE!E47 -> 0 | F45: =+EDITABLE!F47 -> 0 | G45: =+EDITABLE!G47 -> 0 | H45: =+EDITABLE!H47 -> 0 | ... L45: =+EDITABLE!L47 -> 0
B46: =+EDITABLE!B48 -> 0 | C46: =+EDITABLE!C48 -> 0 | D46: =+EDITABLE!D48 -> 0 | E46: =+EDITABLE!E48 -> 0 | F46: =+EDITABLE!F48 -> 0 | G46: =+EDITABLE!G48 -> 0 | H46: =+EDITABLE!H48 -> 0 | I46: =+EDITABLE!I48 -> 0 | ... L46: =+EDITABLE!L48 -> 0
A47: =+EDITABLE!A48 | B47: =+EDITABLE!B49 -> 0 | C47: =+EDITABLE!C49 -> 0 | D47: =+EDITABLE!D49 -> 0 | E47: =+EDITABLE!E49 -> 0 | F47: =+EDITABLE!F49 -> 0 | G47: =+EDITABLE!G49 -> 0 | H47: =+EDITABLE!H49 -> 0 | I47: =+EDITABLE!I49 -> 0 | ... L47: =+EDITABLE!L49 -> 0
A48: =+EDITABLE!A51 -> CPUAULA-E2 | B48: =+EDITABLE!B51 -> 1 | C48: =+EDITABLE!C51 -> CPU | D48: =+EDITABLE!D51 -> NEGRO | E48: =+EDITABLE!E51 -> SION | F48: =+EDITABLE!F51 -> PC-SION-COE I5-SAM20 | G48: =+EDITABLE!G51 -> 81834 | H48: =+EDITABLE!H51 -> AULA-E2 | ... L48: =+EDITABLE!L51 -> 45288 | M48: 4
A49: =+EDITABLE!A52 -> MOUSAULA-E2 | B49: =+EDITABLE!B52 -> 1 | C49: =+EDITABLE!C52 -> MOUSE | D49: =+EDITABLE!D52 -> NEGRO, TRASPARENTE | E49: =+EDITABLE!E52 -> INS | F49: =+EDITABLE!F52 -> S/M | G49: =+EDITABLE!G52 -> S/S | H49: =+EDITABLE!H52 -> AULA-E2 | ... L49: =+EDITABLE!L52 -> 45288
A50: =+EDITABLE!A53 -> TECLAULA-E2 | B50: =+EDITABLE!B53 -> 1 | C50: =+EDITABLE!C53 -> TECLADO | D50: =+EDITABLE!D53 -> NEGRO | E50: =+EDITABLE!E53 -> DELUX | F50: =+EDITABLE!F53 -> K5015 | G50: =+EDITABLE!G53 -> K50151110000601 | H50: =+EDITABLE!H53 -> AULA-E2 | ... L50: =+EDITABLE!L53 -> 45288
A51: =+EDITABLE!A54 -> PROYAULA-E2 | B51: =+EDITABLE!B54 -> 1 | C51: =+EDITABLE!C54 -> PROYECTOR | D51: =+EDITABLE!D54 -> BLANCO | E51: =+EDITABLE!E54 -> VIEWSONIC | F51: =+EDITABLE!F54 -> PA503S | G51: =+EDITABLE!G54 -> VOR231704316 | H51: =+EDITABLE!H54 -> AULA-E2 | ... L51: =+EDITABLE!L54 -> 45288
A52: =+EDITABLE!A55 -> CONTAULA-E2 | B52: =+EDITABLE!B55 -> 1 | C52: =+EDITABLE!C55 -> CONTROL PROYECTOR | D52: =+EDITABLE!D55 -> BLANCO | E52: =+EDITABLE!E55 -> VIEWSONIC | F52: =+EDITABLE!F55 -> Q-3101 | G52: =+EDITABLE!G55 -> S/S | H52: =+EDITABLE!H55 -> AULA-E2 | ... L52: =+EDITABLE!L55 -> 45288
A53: =+EDITABLE!A56 -> PARLAULA-E2 | B53: =+EDITABLE!B56 -> 1 | C53: =+EDITABLE!C56 -> PARLANTES | D53: =+EDITABLE!D56 -> NEGRO | E53: =+EDITABLE!E56 -> KLIP EXTREME | F53: =+EDITABLE!F56 -> KSS-710 | G53: =+EDITABLE!G56 -> 13-11580 | H53: =+EDITABLE!H56 -> AULA-E2 | ... L53: =+EDITABLE!L56 -> 45288
A54: =+EDITABLE!A57 -> CAMAAULA-E2 | B54: =+EDITABLE!B57 -> 1 | C54: =+EDITABLE!C57 -> CAMARA VIDEO VIGILANCIA | D54: =+EDITABLE!D57 -> BLANCO | E54: =+EDITABLE!E57 -> HIKVISION | F54: =+EDITABLE!F57 -> S/M | G54: =+EDITABLE!G57 -> S/S | H54: =+EDITABLE!H57 -> AULA-E2 | ... L54: =+EDITABLE!L57 -> 45288
A55: =+EDITABLE!A58 -> SENSAULA-E2 | B55: =+EDITABLE!B58 -> 1 | C55: =+EDITABLE!C58 -> SENSOR DE ALARMA | D55: =+EDITABLE!D58 -> BLANCO | E55: =+EDITABLE!E58 -> DSC | F55: =+EDITABLE!F58 -> LC-100PI | G55: =+EDITABLE!G58 -> 88030080 | H55: =+EDITABLE!H58 -> AULA-E2 | ... L55: =+EDITABLE!L58 -> 44841
A56: =+EDITABLE!A59 -> REGUAULA-E2 | B56: =+EDITABLE!B59 -> 1 | C56: =+EDITABLE!C59 -> REGULADOR DE VOLTAJE | D56: =+EDITABLE!D59 -> NEGRO | E56: =+EDITABLE!E59 -> AITEX | F56: =+EDITABLE!F59 -> AVR 1600SN | G56: =+EDITABLE!G59 -> 130414500 | H56: =+EDITABLE!H59 -> AULA-E2 | ... L56: =+EDITABLE!L59 -> 45288
A57: =+EDITABLE!A60 -> ADAPAULA-E2 | B57: =+EDITABLE!B60 -> 1 | C57: =+EDITABLE!C60 -> ADAPTADOR DE INTERNET | D57: =+EDITABLE!D60 -> BLANCO | E57: =+EDITABLE!E60 -> UI.COM | F57: =+EDITABLE!F60 -> GP-A240-050G | G57: =+EDITABLE!G60 -> 19320005685 | H57: =+EDITABLE!H60 -> AULA-E2 | ... L57: =+EDITABLE!L60 -> 45288
A58: =+EDITABLE!A61 | B58: =+EDITABLE!B61 -> 0 | C58: =+EDITABLE!C61 -> 0 | D58: =+EDITABLE!D61 -> 0 | E58: =+EDITABLE!E61 -> 0 | F58: =+EDITABLE!F61 -> 0 | G58: =+EDITABLE!G61 -> 0 | H58: =+EDITABLE!H61 -> 0 | ... L58: =+EDITABLE!L61 -> 0
A59: =+EDITABLE!A62 | B59: =+EDITABLE!B62 -> 0 | C59: =+EDITABLE!C62 -> 0 | D59: =+EDITABLE!D62 -> 0 | E59: =+EDITABLE!E62 -> 0 | F59: =+EDITABLE!F62 -> 0 | G59: =+EDITABLE!G62 -> 0 | H59: =+EDITABLE!H62 -> 0 | ... L59: =+EDITABLE!L62 -> 0
A60: =+EDITABLE!A63 | B60: =+EDITABLE!B63 -> 0 | C60: =+EDITABLE!C63 -> 0 | D60: =+EDITABLE!D63 -> 0 | E60: =+EDITABLE!E63 -> 0 | F60: =+EDITABLE!F63 -> 0 | G60: =+EDITABLE!G63 -> 0 | H60: =+EDITABLE!H63 -> 0 | ... L60: =+EDITABLE!L63 -> 0
A61: =+EDITABLE!A65 -> CPUAULA-D1 | B61: =+EDITABLE!B65 -> 1 | C61: =+EDITABLE!C65 -> CPU | D61: =+EDITABLE!D65 -> NEGRO | E61: =+EDITABLE!E65 -> INS | F61: =+EDITABLE!F65 -> GENERICO | G61: =+EDITABLE!G65 -> GENERICO | H61: =+EDITABLE!H65 -> AULA-D1 | ... L61: =+EDITABLE!L65 -> 45288 | M61: 5
A62: =+EDITABLE!A66 -> MOUSAULA-D1 | B62: =+EDITABLE!B66 -> 1 | C62: =+EDITABLE!C66 -> MOUSE | D62: =+EDITABLE!D66 -> NEGRO, TRASPARENTE | E62: =+EDITABLE!E66 -> INS | F62: =+EDITABLE!F66 -> S/M | G62: =+EDITABLE!G66 -> S/S | H62: =+EDITABLE!H66 -> AULA-D1 | ... L62: =+EDITABLE!L66 -> 45288
A63: =+EDITABLE!A67 -> TECLAULA-D1 | B63: =+EDITABLE!B67 -> 1 | C63: =+EDITABLE!C67 -> TECLADO | D63: =+EDITABLE!D67 -> NEGRO | E63: =+EDITABLE!E67 -> GENIUS | F63: =+EDITABLE!F67 -> KB-115 | G63: =+EDITABLE!G67 -> UD19M2705685 | H63: =+EDITABLE!H67 -> AULA-D1 | ... L63: =+EDITABLE!L67 -> 45288
A64: =+EDITABLE!A68 -> PROYAULA-D1 | B64: =+EDITABLE!B68 -> 1 | C64: =+EDITABLE!C68 -> PROYECTOR | D64: =+EDITABLE!D68 -> BLANCO | E64: =+EDITABLE!E68 -> VIEWSONIC | F64: =+EDITABLE!F68 -> PA503S | G64: =+EDITABLE!G68 -> VOR231704169 | H64: =+EDITABLE!H68 -> AULA-D1 | ... L64: =+EDITABLE!L68 -> 45288
A65: =+EDITABLE!A69 -> CONTAULA-D1 | B65: =+EDITABLE!B69 -> 1 | C65: =+EDITABLE!C69 -> CONTROL PROYECTOR | D65: =+EDITABLE!D69 -> BLANCO | E65: =+EDITABLE!E69 -> VIEWSONIC | F65: =+EDITABLE!F69 -> Q-3101 | G65: =+EDITABLE!G69 -> S/S | H65: =+EDITABLE!H69 -> AULA-D1 | ... L65: =+EDITABLE!L69 -> 45288
A66: =+EDITABLE!A70 -> PARLAULA-D1 | B66: =+EDITABLE!B70 -> 1 | C66: =+EDITABLE!C70 -> PARLANTES | D66: =+EDITABLE!D70 -> NEGRO | E66: =+EDITABLE!E70 -> GENERICO | F66: =+EDITABLE!F70 -> S/M | G66: =+EDITABLE!G70 -> S/S | H66: =+EDITABLE!H70 -> AULA-D1 | ... L66: =+EDITABLE!L70 -> 45288
A67: =+EDITABLE!A71 -> CAMAAULA-D1 | B67: =+EDITABLE!B71 -> 1 | C67: =+EDITABLE!C71 -> CAMARA VIDEO VIGILANCIA | D67: =+EDITABLE!D71 -> BLANCO | E67: =+EDITABLE!E71 -> EZVIZ | F67: =+EDITABLE!F71 -> S/M | G67: =+EDITABLE!G71 -> S/S | H67: =+EDITABLE!H71 -> AULA-D1 | ... L67: =+EDITABLE!L71 -> 45489
A68: =+EDITABLE!A72 -> MODEAULA-D1 | B68: =+EDITABLE!B72 -> 1 | C68: =+EDITABLE!C72 -> MODEM WIFI | D68: =+EDITABLE!D72 -> NEGRO | E68: =+EDITABLE!E72 -> TP-LINK | F68: =+EDITABLE!F72 -> ARCHEDC50(ES) | G68: =+EDITABLE!G72 -> 223C3L1003679 | H68: =+EDITABLE!H72 -> AULA-D1 | ... L68: =+EDITABLE!L72 -> 45288
A69: =+EDITABLE!A73 | B69: =+EDITABLE!B73 -> 0 | C69: =+EDITABLE!C73 -> 0 | D69: =+EDITABLE!D73 -> 0 | E69: =+EDITABLE!E73 -> 0 | F69: =+EDITABLE!F73 -> 0 | G69: =+EDITABLE!G73 -> 0 | H69: =+EDITABLE!H73 -> 0 | ... L69: =+EDITABLE!L73 -> 0
B70: =+EDITABLE!B74 -> 0 | C70: =+EDITABLE!C74 -> 0 | D70: =+EDITABLE!D74 -> 0 | E70: =+EDITABLE!E74 -> 0 | F70: =+EDITABLE!F74 -> 0 | G70: =+EDITABLE!G74 -> 0 | H70: =+EDITABLE!H74 -> 0 | I70: =+EDITABLE!I74 -> 0 | ... L70: =+EDITABLE!L74 -> 0
A71: =+EDITABLE!A74 | B71: =+EDITABLE!B75 -> 0 | C71: =+EDITABLE!C75 -> 0 | D71: =+EDITABLE!D75 -> 0 | E71: =+EDITABLE!E75 -> 0 | F71: =+EDITABLE!F75 -> 0 | G71: =+EDITABLE!G75 -> 0 | H71: =+EDITABLE!H75 -> 0 | I71: =+EDITABLE!I75 -> 0 | ... L71: =+EDITABLE!L75 -> 0
A72: =+EDITABLE!A77 -> CPUAULA-E1 | B72: =+EDITABLE!B77 -> 1 | C72: =+EDITABLE!C77 -> CPU | D72: =+EDITABLE!D77 -> NEGRO | E72: =+EDITABLE!E77 -> INS | F72: =+EDITABLE!F77 -> GENERICO | G72: =+EDITABLE!G77 -> GENERICO | H72: =+EDITABLE!H77 -> AULA-E1 | ... L72: =+EDITABLE!L77 -> 45288 | M72: 6
A73: =+EDITABLE!A78 -> MOUSAULA-E1 | B73: =+EDITABLE!B78 -> 1 | C73: =+EDITABLE!C78 -> MOUSE | D73: =+EDITABLE!D78 -> NEGRO | E73: =+EDITABLE!E78 -> GENIUS | F73: =+EDITABLE!F78 -> GM-120014 | G73: =+EDITABLE!G78 -> X3E86009907469 | H73: =+EDITABLE!H78 -> AULA-E1 | ... L73: =+EDITABLE!L78 -> 45288
A74: =+EDITABLE!A79 -> TECLAULA-E1 | B74: =+EDITABLE!B79 -> 1 | C74: =+EDITABLE!C79 -> TECLADO | D74: =+EDITABLE!D79 -> NEGRO | E74: =+EDITABLE!E79 -> DELUX | F74: =+EDITABLE!F79 -> K5015 | G74: =+EDITABLE!G79 -> K501541111002496 | H74: =+EDITABLE!H79 -> AULA-E1 | ... L74: =+EDITABLE!L79 -> 45288
A75: =+EDITABLE!A80 -> PROYAULA-E1 | B75: =+EDITABLE!B80 -> 1 | C75: =+EDITABLE!C80 -> PROYECTOR | D75: =+EDITABLE!D80 -> BLANCO | E75: =+EDITABLE!E80 -> VIEWSONIC | F75: =+EDITABLE!F80 -> PA503S | G75: =+EDITABLE!G80 -> VOR231704347 | H75: =+EDITABLE!H80 -> AULA-E1 | ... L75: =+EDITABLE!L80 -> 45288
A76: =+EDITABLE!A81 -> CONTAULA-E1 | B76: =+EDITABLE!B81 -> 1 | C76: =+EDITABLE!C81 -> CONTROL PROYECTOR | D76: =+EDITABLE!D81 -> BLANCO | E76: =+EDITABLE!E81 -> VIEWSONIC | F76: =+EDITABLE!F81 -> Q-3101 | G76: =+EDITABLE!G81 -> S/S | H76: =+EDITABLE!H81 -> AULA-E1 | ... L76: =+EDITABLE!L81 -> 45288
A77: =+EDITABLE!A82 -> PARLAULA-E1 | B77: =+EDITABLE!B82 -> 1 | C77: =+EDITABLE!C82 -> PARLANTES | D77: =+EDITABLE!D82 -> NEGRO | E77: =+EDITABLE!E82 -> GENERICO | F77: =+EDITABLE!F82 -> S/M | G77: =+EDITABLE!G82 -> S/S | H77: =+EDITABLE!H82 -> AULA-E1 | ... L77: =+EDITABLE!L82 -> 45288
A78: =+EDITABLE!A83 -> CAMAAULA-E1 | B78: =+EDITABLE!B83 -> 1 | C78: =+EDITABLE!C83 -> CAMARA VIDEO VIGILANCIA | D78: =+EDITABLE!D83 -> BLANCO | E78: =+EDITABLE!E83 -> EZVIZ | F78: =+EDITABLE!F83 -> S/M | G78: =+EDITABLE!G83 -> S/S | H78: =+EDITABLE!H83 -> AULA-E1 | ... L78: =+EDITABLE!L83 -> 45489
A79: =+EDITABLE!A84 | B79: =+EDITABLE!B84 -> 0 | C79: =+EDITABLE!C84 -> 0 | D79: =+EDITABLE!D84 -> 0 | E79: =+EDITABLE!E84 -> 0 | F79: =+EDITABLE!F84 -> 0 | G79: =+EDITABLE!G84 -> 0 | H79: =+EDITABLE!H84 -> 0 | ... L79: =+EDITABLE!L84 -> 0
B80: =+EDITABLE!B85 -> 0 | C80: =+EDITABLE!C85 -> 0 | D80: =+EDITABLE!D85 -> 0 | E80: =+EDITABLE!E85 -> 0 | F80: =+EDITABLE!F85 -> 0 | G80: =+EDITABLE!G85 -> 0 | H80: =+EDITABLE!H85 -> 0 | I80: =+EDITABLE!I85 -> 0 | ... L80: =+EDITABLE!L85 -> 0
A81: =+EDITABLE!A85 | B81: =+EDITABLE!B86 -> 0 | C81: =+EDITABLE!C86 -> 0 | D81: =+EDITABLE!D86 -> 0 | E81: =+EDITABLE!E86 -> 0 | F81: =+EDITABLE!F86 -> 0 | G81: =+EDITABLE!G86 -> 0 | H81: =+EDITABLE!H86 -> 0 | I81: =+EDITABLE!I86 -> 0 | ... L81: =+EDITABLE!L86 -> 0
A82: =+EDITABLE!A88 -> CPUAULA-E3 | B82: =+EDITABLE!B88 -> 1 | C82: =+EDITABLE!C88 -> CPU | D82: =+EDITABLE!D88 -> NEGRO | E82: =+EDITABLE!E88 -> INS | F82: =+EDITABLE!F88 -> GENERICO | G82: =+EDITABLE!G88 -> 10020122019 | H82: =+EDITABLE!H88 -> AULA-E3 | ... L82: =+EDITABLE!L88 -> 45288 | M82: 7
A83: =+EDITABLE!A89 -> MOUSAULA-E3 | B83: =+EDITABLE!B89 -> 1 | C83: =+EDITABLE!C89 -> MOUSE | D83: =+EDITABLE!D89 -> NEGRO/BLANCO | E83: =+EDITABLE!E89 -> HAVIC | F83: =+EDITABLE!F89 -> HV-M8000 | G83: =+EDITABLE!G89 -> MS11M8000XM04762 | H83: =+EDITABLE!H89 -> AULA-E3 | ... L83: =+EDITABLE!L89 -> 45288
A84: =+EDITABLE!A90 -> TECLAULA-E3 | B84: =+EDITABLE!B90 -> 1 | C84: =+EDITABLE!C90 -> TECLADO | D84: =+EDITABLE!D90 -> NEGRO | E84: =+EDITABLE!E90 -> INS | F84: =+EDITABLE!F90 -> GENERICO | G84: =+EDITABLE!G90 -> 420050902802 | H84: =+EDITABLE!H90 -> AULA-E3 | ... L84: =+EDITABLE!L90 -> 45288
A85: =+EDITABLE!A91 -> PROYAULA-E3 | B85: =+EDITABLE!B91 -> 1 | C85: =+EDITABLE!C91 -> PROYECTOR | D85: =+EDITABLE!D91 -> BLANCO | E85: =+EDITABLE!E91 -> VIEWSONIC | F85: =+EDITABLE!F91 -> PA503S | G85: =+EDITABLE!G91 -> VOR231704317 | H85: =+EDITABLE!H91 -> AULA-E3 | ... L85: =+EDITABLE!L91 -> 45288
A86: =+EDITABLE!A92 -> CONTAULA-E3 | B86: =+EDITABLE!B92 -> 1 | C86: =+EDITABLE!C92 -> CONTROL PROYECTOR | D86: =+EDITABLE!D92 -> BLANCO | E86: =+EDITABLE!E92 -> VIEWSONIC | F86: =+EDITABLE!F92 -> Q-3101 | G86: =+EDITABLE!G92 -> S/S | H86: =+EDITABLE!H92 -> AULA-E3 | ... L86: =+EDITABLE!L92 -> 45288
A87: =+EDITABLE!A93 -> PARLAULA-E3 | B87: =+EDITABLE!B93 -> 1 | C87: =+EDITABLE!C93 -> PARLANTES | D87: =+EDITABLE!D93 -> NEGRO | E87: =+EDITABLE!E93 -> GENERICO | F87: =+EDITABLE!F93 -> S/M | G87: =+EDITABLE!G93 -> S/S | H87: =+EDITABLE!H93 -> AULA-E3 | ... L87: =+EDITABLE!L93 -> 45288
A88: =+EDITABLE!A94 -> CAMAAULA-E3 | B88: =+EDITABLE!B94 -> 1 | C88: =+EDITABLE!C94 -> CAMARA VIDEO VIGILANCIA | D88: =+EDITABLE!D94 -> BLANCO | E88: =+EDITABLE!E94 -> HIKVISION | F88: =+EDITABLE!F94 -> S/M | G88: =+EDITABLE!G94 -> S/S | H88: =+EDITABLE!H94 -> AULA-E3 | ... L88: =+EDITABLE!L94 -> 45288
A89: =+EDITABLE!A95 | B89: =+EDITABLE!B95 -> 0 | C89: =+EDITABLE!C95 -> 0 | D89: =+EDITABLE!D95 -> 0 | E89: =+EDITABLE!E95 -> 0 | F89: =+EDITABLE!F95 -> 0 | G89: =+EDITABLE!G95 -> 0 | H89: =+EDITABLE!H95 -> 0 | ... L89: =+EDITABLE!L95 -> 0
B90: =+EDITABLE!B96 -> 0 | C90: =+EDITABLE!C96 -> 0 | D90: =+EDITABLE!D96 -> 0 | E90: =+EDITABLE!E96 -> 0 | F90: =+EDITABLE!F96 -> 0 | G90: =+EDITABLE!G96 -> 0 | H90: =+EDITABLE!H96 -> 0 | I90: =+EDITABLE!I96 -> 0 | ... L90: =+EDITABLE!L96 -> 0
A91: =+EDITABLE!A96 | B91: =+EDITABLE!B97 -> 0 | C91: =+EDITABLE!C97 -> 0 | D91: =+EDITABLE!D97 -> 0 | E91: =+EDITABLE!E97 -> 0 | F91: =+EDITABLE!F97 -> 0 | G91: =+EDITABLE!G97 -> 0 | H91: =+EDITABLE!H97 -> 0 | I91: =+EDITABLE!I97 -> 0 | ... L91: =+EDITABLE!L97 -> 0 | M91: 8
A92: =+EDITABLE!A99 -> CAMASALON DE | B92: =+EDITABLE!B99 -> 1 | C92: =+EDITABLE!C99 -> CAMARA VIDEO VIGILANCIA | D92: =+EDITABLE!D99 -> BLANCO | E92: =+EDITABLE!E99 -> GENERICA | F92: =+EDITABLE!F99 -> GENERICO | G92: =+EDITABLE!G99 -> GENERICA | H92: =+EDITABLE!H99 -> SALON DE ACTOS | ... L92: =+EDITABLE!L99 -> 44841
A93: =+EDITABLE!A100 -> MODESALON DE | B93: =+EDITABLE!B100 -> 1 | C93: =+EDITABLE!C100 -> MODEM WIFI | D93: =+EDITABLE!D100 -> BLANCO | E93: =+EDITABLE!E100 -> TP-LINK | F93: =+EDITABLE!F100 -> TL-WR841N(ES) | G93: =+EDITABLE!G100 -> 220C292002527 | H93: =+EDITABLE!H100 -> SALON DE ACTOS | ... L93: =+EDITABLE!L100 -> 44636
A94: =+EDITABLE!A101 | B94: =+EDITABLE!B101 -> 0 | C94: =+EDITABLE!C101 -> 0 | D94: =+EDITABLE!D101 -> 0 | E94: =+EDITABLE!E101 -> 0 | F94: =+EDITABLE!F101 -> 0 | G94: =+EDITABLE!G101 -> 0 | H94: =+EDITABLE!H101 -> 0 | ... L94: =+EDITABLE!L101 -> 0
B95: =+EDITABLE!B102 -> 0 | C95: =+EDITABLE!C102 -> 0 | D95: =+EDITABLE!D102 -> 0 | E95: =+EDITABLE!E102 -> 0 | F95: =+EDITABLE!F102 -> 0 | G95: =+EDITABLE!G102 -> 0 | H95: =+EDITABLE!H102 -> 0 | I95: =+EDITABLE!I102 -> 0 | ... L95: =+EDITABLE!L102 -> 0
A96: =+EDITABLE!A102 | B96: =+EDITABLE!B103 -> 0 | C96: =+EDITABLE!C103 -> 0 | D96: =+EDITABLE!D103 -> 0 | E96: =+EDITABLE!E103 -> 0 | F96: =+EDITABLE!F103 -> 0 | G96: =+EDITABLE!G103 -> 0 | H96: =+EDITABLE!H103 -> 0 | I96: =+EDITABLE!I103 -> 0 | ... L96: =+EDITABLE!L103 -> 0
A97: =+EDITABLE!A105 -> MINIPSICOSEN | B97: =+EDITABLE!B105 -> 1 | C97: =+EDITABLE!C105 -> MINI CPU NUC | D97: =+EDITABLE!D105 -> NEGRO | E97: =+EDITABLE!E105 -> INTEL | F97: =+EDITABLE!F105 -> G6AY109001VH | G97: =+EDITABLE!G105 -> PROYECT CODE NUC6CAYH | H97: =+EDITABLE!H105 -> PSICOSENSOMÉTRICO 1 | ... L97: =+EDITABLE!L105 -> 45342 | M97: 9
A98: =+EDITABLE!A106 -> MONIPSICOSEN | B98: =+EDITABLE!B106 -> 1 | C98: =+EDITABLE!C106 -> MONITOR | D98: =+EDITABLE!D106 -> NEGRO | E98: =+EDITABLE!E106 -> LG | F98: =+EDITABLE!F106 -> 20MK400H-B | G98: =+EDITABLE!G106 -> 012NTCZDP579 | H98: =+EDITABLE!H106 -> PSICOSENSOMÉTRICO 1 | ... L98: =+EDITABLE!L106 -> 45342
A99: =+EDITABLE!A107 -> MONIPSICOSEN | B99: =+EDITABLE!B107 -> 1 | C99: =+EDITABLE!C107 -> MONITOR | D99: =+EDITABLE!D107 -> NEGRO | E99: =+EDITABLE!E107 -> LG | F99: =+EDITABLE!F107 -> 20MK400H-B | G99: =+EDITABLE!G107 -> 012NTFADP643 | H99: =+EDITABLE!H107 -> PSICOSENSOMÉTRICO 1 | ... L99: =+EDITABLE!L107 -> 45342
A100: =+EDITABLE!A108 -> MOUSPSICOSEN | B100: =+EDITABLE!B108 -> 1 | C100: =+EDITABLE!C108 -> MOUSE | D100: =+EDITABLE!D108 -> NEGRO | E100: =+EDITABLE!E108 -> QUASAD | F100: =+EDITABLE!F108 -> QKM-5100G | G100: =+EDITABLE!G108 -> GENÉRICO | H100: =+EDITABLE!H108 -> PSICOSENSOMÉTRICO 1 | ... L100: =+EDITABLE!L108 -> 45342
A101: =+EDITABLE!A109 -> HUB PSICOSEN | B101: =+EDITABLE!B109 -> 1 | C101: =+EDITABLE!C109 -> HUB USB | D101: =+EDITABLE!D109 -> BLANCO | E101: =+EDITABLE!E109 -> INS | F101: =+EDITABLE!F109 -> GENÉRICO | G101: =+EDITABLE!G109 -> GENÉRICO | H101: =+EDITABLE!H109 -> PSICOSENSOMÉTRICO 1 | ... L101: =+EDITABLE!L109 -> 45342
A102: =+EDITABLE!A110 -> REGUPSICOSEN | B102: =+EDITABLE!B110 -> 1 | C102: =+EDITABLE!C110 -> REGULADOR DE VOLTAJE | D102: =+EDITABLE!D110 -> NEGRO | E102: =+EDITABLE!E110 -> SPEEDMEEN | F102: =+EDITABLE!F110 -> SMREG 1200W | G102: =+EDITABLE!G110 -> 20REG1200021022 | H102: =+EDITABLE!H110 -> PSICOSENSOMÉTRICO 1 | ... L102: =+EDITABLE!L110 -> 45342
A103: =+EDITABLE!A111 -> TECLPSICOSEN | B103: =+EDITABLE!B111 -> 1 | C103: =+EDITABLE!C111 -> TECLADO | D103: =+EDITABLE!D111 -> NEGRO | E103: =+EDITABLE!E111 -> QUASAD | F103: =+EDITABLE!F111 -> QKM-5100G | G103: =+EDITABLE!G111 -> GENERICO | H103: =+EDITABLE!H111 -> PSICOSENSOMÉTRICO 1 | ... L103: =+EDITABLE!L111 -> 45342
A104: =+EDITABLE!A112 -> VISIPSICOSEN | B104: =+EDITABLE!B112 -> 1 | C104: =+EDITABLE!C112 -> VISIÓMETRO | D104: =+EDITABLE!D112 -> BLANCO-NEGRO | E104: =+EDITABLE!E112 -> AdMRtEST Drive | F104: =+EDITABLE!F112 -> 1V2015mm | G104: =+EDITABLE!G112 -> 19711983201241 | H104: =+EDITABLE!H112 -> PSICOSENSOMÉTRICO 1 | ... L104: =+EDITABLE!L112 -> 45342
A105: =+EDITABLE!A113 -> CONSPSICOSEN | B105: =+EDITABLE!B113 -> 1 | C105: =+EDITABLE!C113 -> CONSOLA | D105: =+EDITABLE!D113 -> GRIS-NEGRO | E105: =+EDITABLE!E113 -> AdMRtEST Drive | F105: =+EDITABLE!F113 -> S/M | G105: =+EDITABLE!G113 -> 19711983201741 | H105: =+EDITABLE!H113 -> PSICOSENSOMÉTRICO 1 | ... L105: =+EDITABLE!L113 -> 45342
A106: =+EDITABLE!A114 -> PEDAPSICOSEN | B106: =+EDITABLE!B114 -> 1 | C106: =+EDITABLE!C114 -> PEDALERA | D106: =+EDITABLE!D114 -> GRIS-AMARILLO | E106: =+EDITABLE!E114 -> AdMRtEST Drive | F106: =+EDITABLE!F114 -> S/M | G106: =+EDITABLE!G114 -> 1971983201741 | H106: =+EDITABLE!H114 -> PSICOSENSOMÉTRICO 1 | ... L106: =+EDITABLE!L114 -> 45342
A107: =+EDITABLE!A115 -> AUDIPSICOSEN | B107: =+EDITABLE!B115 -> 1 | C107: =+EDITABLE!C115 -> AUDIFONOS | D107: =+EDITABLE!D115 -> NEGRO | E107: =+EDITABLE!E115 -> AdMRtEST Drive | F107: =+EDITABLE!F115 -> HD280PRO | G107: =+EDITABLE!G115 -> 5390 | H107: =+EDITABLE!H115 -> PSICOSENSOMÉTRICO 1 | ... L107: =+EDITABLE!L115 -> 45342
A108: =+EDITABLE!A116 -> IMPRPSICOSEN | B108: =+EDITABLE!B116 -> 1 | C108: =+EDITABLE!C116 -> IMPRESORA | D108: =+EDITABLE!D116 -> NEGRO | E108: =+EDITABLE!E116 -> EPSON | F108: =+EDITABLE!F116 -> L3110 | G108: =+EDITABLE!G116 -> X644665316 | H108: =+EDITABLE!H116 -> PSICOSENSOMÉTRICO 1 | ... L108: =+EDITABLE!L116 -> 45342
A109: =+EDITABLE!A117 -> CAMAPSICOSEN | B109: =+EDITABLE!B117 -> 1 | C109: =+EDITABLE!C117 -> CAMARA WEB | D109: =+EDITABLE!D117 -> ROJA | E109: =+EDITABLE!E117 -> SPEDMEND | F109: =+EDITABLE!F117 -> SM07W159 | G109: =+EDITABLE!G117 -> S/S | H109: =+EDITABLE!H117 -> PSICOSENSOMÉTRICO 1 | ... L109: =+EDITABLE!L117 -> 45342
... A112: =+EDITABLE!A120 | B112: =+EDITABLE!B120 -> 0 | C112: =+EDITABLE!C120 -> 0 | D112: =+EDITABLE!D120 -> 0 | E112: =+EDITABLE!E120 -> 0 | F112: =+EDITABLE!F120 -> 0 | G112: =+EDITABLE!G120 -> 0 | H112: =+EDITABLE!H120 -> 0 | ... L112: =+EDITABLE!L120 -> 0
B113: =+EDITABLE!B121 -> 0 | C113: =+EDITABLE!C121 -> 0 | D113: =+EDITABLE!D121 -> 0 | E113: =+EDITABLE!E121 -> 0 | F113: =+EDITABLE!F121 -> 0 | G113: =+EDITABLE!G121 -> 0 | H113: =+EDITABLE!H121 -> 0 | I113: =+EDITABLE!I121 -> 0 | ... L113: =+EDITABLE!L121 -> 0
...

Sheet RESUMEN X AREAS
A8: NRO | B8: UBICACIÓN | C8: COSTO | D8: # EQUIPOS
A9: 1 | B9: =+EDITABLE!H365 -> ASESORÍA TÉCNICA VIAL | C9: =SUM(EDITABLE!K365:K375) -> 1160.44 | D9: 6
A10: 2 | B10: =+EDITABLE!H13 -> AULA-C1 | C10: =SUM(EDITABLE!K13:K23) -> 879.7 | D10: 8
A11: 3 | B11: =+EDITABLE!H25 -> AULA-C2 | C11: =SUM(EDITABLE!K25:K37) -> 917.7 | D11: 10
A12: 4 | B12: =+EDITABLE!H39 -> AULA-C3 | C12: =SUM(EDITABLE!K39:K49) -> 915 | D12: 8
A13: 5 | B13: =+EDITABLE!H65 -> AULA-D1 | C13: =SUM(EDITABLE!K65:K75) -> 1115.97 | D13: 8
A14: 6 | B14: =+EDITABLE!H77 -> AULA-E1 | C14: =SUM(EDITABLE!K77:K86) -> 1090.37 | D14: 7
A15: 7 | B15: =+EDITABLE!H51 -> AULA-E2 | C15: =SUM(EDITABLE!K51:K63) -> 1077.72 | D15: 10
A16: 8 | B16: =+EDITABLE!H88 -> AULA-E3 | C16: =SUM(EDITABLE!K88:K97) -> 929.62 | D16: 7
A17: 9 | B17: =+EDITABLE!H377 -> AULA-MEC | C17: =SUM(EDITABLE!K377:K381) -> 466 | D17: 2
A18: 10 | B18: =+EDITABLE!H403 -> BODEGA GRANDE | C18: =SUM(EDITABLE!K403:K441) -> 971.2 | D18: 37
A19: 11 | B19: =+EDITABLE!H205 -> BODEGA SUMINISTROS | C19: =SUM(EDITABLE!K205:K208) -> 200 | D19: 1
A20: 12 | B20: =+EDITABLE!H337 -> CALLE PRINCIPAL | C20: =SUM(EDITABLE!K337:K341) -> 25 | D20: 2
A21: 13 | B21: =+EDITABLE!H153 -> CONTABILIDAD | C21: =SUM(EDITABLE!K153:K161) -> 816.6 | D21: 6
A22: 14 | B22: =+EDITABLE!H388 -> CUARTO DE RED | C22: =SUM(EDITABLE!K388:K398) -> 4725.19 | D22: 8
A23: 15 | B23: =+EDITABLE!H343 -> FISCALIZACIÓN | C23: =SUM(EDITABLE!K343:K357) -> 943.7 | D23: 12
A24: 16 | B24: =+EDITABLE!H359 -> FUNERARIA | C24: =SUM(EDITABLE!K359:K363) -> 30.74 | D24: 2
A25: 17 | B25: =+EDITABLE!H383 -> HOSTAL | C25: =SUM(EDITABLE!K383:K386) -> 80 | D25: 1
A26: 18 | B26: =+EDITABLE!H210 -> INSPECCIÓN GENERAL | C26: =SUM(EDITABLE!K210:K218) -> 640 | D26: 6
A27: 19 | B27: =+EDITABLE!H235 -> LABORATORIO COMPUTACIÓN | C27: =SUM(EDITABLE!K235:K324) -> 6054 | D27: 87
A28: 20 | B28: =+EDITABLE!H198 -> PASILLO GRADAS | C28: =SUM(EDITABLE!K198:K203) -> 90 | D28: 3
A29: 21 | B29: =+EDITABLE!H189 -> PASILLO OFICINAS | C29: =SUM(EDITABLE!K189:K196) -> 3520.32 | D29: 5
A30: 22 | B30: =+EDITABLE!H326 -> PATIO | C30: =SUM(EDITABLE!K326:K335) -> 175 | D30: 7
A31: 23 | B31: =+EDITABLE!H105 -> PSICOSENSOMÉTRICO 1 | C31: =SUM(EDITABLE!K105:K122) -> 7840 | D31: 15
A32: 24 | B32: =+EDITABLE!H124 -> PSICOSENSOMÉTRICO 2 | C32: =SUM(EDITABLE!K124:K139) -> 15680 | D32: 13
A33: 25 | B33: =+EDITABLE!H99 -> SALON DE ACTOS | C33: =SUM(EDITABLE!K99:K103) -> 105 | D33: 2
A34: 26 | B34: =+EDITABLE!H163 -> SECRETARÍA AACC Y ESCUELA | C34: =SUM(EDITABLE!K163:K187) -> 1981.2 | D34: 22
A35: 27 | B35: =+EDITABLE!H220 -> SECRETARIA GENERAL | C35: =SUM(EDITABLE!K220:K233) -> 2265 | D35: 11
A36: 28 | B36: =+EDITABLE!H141 -> TESORERÍA | C36: =SUM(EDITABLE!K141:K151) -> 1005.6 | D36: 8
B38: TOTAL: | C38: =SUM(C9:C37) -> 55701.07 | D38: =SUM(D9:D37) -> 314
